rel_path,file_name,extension,size_bytes,mime_type,mime_source,sha256,width,height,wp_attachment_id,wp_reference_role,wp_parent_post,referenced_in_content,reference_signals,user_content,derived_from,thumbnail_pattern,generated_pattern,duplicate_group_sha,duplicate_group_size,duplicate_keeper,probable_duplicate_group_size,corrupt_signal,classification,wm4_action
2026/05/A-propos-1024x583.png,A-propos-1024x583.png,.png,382153,image/png,magic,73aae103ca28c1bb99173b10515b7a623d989a3dcc29c1fdf796dedebe9c9b3b,1024,583,987,sized_variant,0,no,none,yes,2026/05/A-propos.png,yes,no,,1,,1,,THUMBNAIL,REJECTED_REGENERABLE
2026/05/A-propos-150x150.png,A-propos-150x150.png,.png,20747,image/png,magic,acdb1b54d8981539977b935ff9405cda86fafd2c0cf15bcee86566653eee5756,150,150,987,sized_variant,0,no,none,yes,2026/05/A-propos.png,yes,no,,1,,1,,THUMBNAIL,REJECTED_REGENERABLE
2026/05/A-propos-1536x874.png,A-propos-1536x874.png,.png,827305,image/png,magic,561cc1748f5e9afea3697152041ac897fec098016c67d77bd71b98b6bcc787c8,1536,874,987,sized_variant,0,no,none,yes,2026/05/A-propos.png,yes,no,,1,,1,,THUMBNAIL,REJECTED_REGENERABLE
2026/05/A-propos-300x171.png,A-propos-300x171.png,.png,42827,image/png,magic,dd9931698936f0299c692fe8ff06e498bc46bcd0a77488df39e155b74eb024ab,300,171,987,sized_variant,0,no,none,yes,2026/05/A-propos.png,yes,no,,1,,1,,THUMBNAIL,REJECTED_REGENERABLE
2026/05/A-propos-768x437.png,A-propos-768x437.png,.png,224534,image/png,magic,72839c804d28ed859839d7395bd90d636a9964a84209dd25b7f714462f14a08d,768,437,987,sized_variant,0,no,none,yes,2026/05/A-propos.png,yes,no,,1,,1,,THUMBNAIL,REJECTED_REGENERABLE
2026/05/A-propos.png,A-propos.png,.png,580678,image/png,magic,3e1138be69b6bec1a49b12fe469a2fffd1fcbc2d49e447f61f1ab9b2fc2b62ba,1662,946,987,original,0,yes,path_in_content,yes,,no,no,,1,,1,,ORIGINAL_USED,EXPORTABLE
2026/05/Apprendre-a-ecouter-Dieu-dans-le-silence-1024x683.png,Apprendre-a-ecouter-Dieu-dans-le-silence-1024x683.png,.png,350463,image/png,magic,e3a3af573b5ebe45ddb8ffa45b10b9b5c68ad93f0097026c6b75662e8a96d4de,1024,683,1434,sized_variant,0,yes,featured_image,yes,2026/05/Apprendre-a-ecouter-Dieu-dans-le-silence.png,yes,no,,1,,1,,THUMBNAIL,REJECTED_REGENERABLE
2026/05/Apprendre-a-ecouter-Dieu-dans-le-silence-150x150.png,Apprendre-a-ecouter-Dieu-dans-le-silence-150x150.png,.png,17056,image/png,magic,895157e3ad8739c541ced57879557368a04eb591ab6535231229fbac0ccabdfe,150,150,1434,sized_variant,0,yes,featured_image,yes,2026/05/Apprendre-a-ecouter-Dieu-dans-le-silence.png,yes,no,,1,,1,,THUMBNAIL,REJECTED_REGENERABLE
2026/05/Apprendre-a-ecouter-Dieu-dans-le-silence-300x200.png,Apprendre-a-ecouter-Dieu-dans-le-silence-300x200.png,.png,36393,image/png,magic,c5107bf1a31b63f6f1001019ed1cd40a2f99ded9fa07908ae199a176e7734bfe,300,200,1434,sized_variant,0,yes,featured_image,yes,2026/05/Apprendre-a-ecouter-Dieu-dans-le-silence.png,yes,no,,1,,1,,THUMBNAIL,REJECTED_REGENERABLE
2026/05/Apprendre-a-ecouter-Dieu-dans-le-silence-768x512.png,Apprendre-a-ecouter-Dieu-dans-le-silence-768x512.png,.png,196732,image/png,magic,507c9ce3f08095a5d8a621ede23a79cef5f8f55b4da56229230d6d5c7f3165cc,768,512,1434,sized_variant,0,yes,featured_image,yes,2026/05/Apprendre-a-ecouter-Dieu-dans-le-silence.png,yes,no,,1,,1,,THUMBNAIL,REJECTED_REGENERABLE
2026/05/Apprendre-a-ecouter-Dieu-dans-le-silence.png,Apprendre-a-ecouter-Dieu-dans-le-silence.png,.png,509928,image/png,magic,bb79725fd54ad7f163b145af4a6b468b54896275e548ddde9a3f1f168512267d,1536,1024,1434,original,0,yes,filename_in_content|featured_image,yes,,no,no,,1,,1,,ORIGINAL_USED,EXPORTABLE
2026/05/Apprendre-a-marcher-avec-Dieu-150x150.png,Apprendre-a-marcher-avec-Dieu-150x150.png,.png,9360,image/png,magic,29b2c3285c93166ff162dfef79739dd0a33d6fc2a4cebdbd4c3a600bc03ce18f,150,150,1444,sized_variant,0,yes,featured_image,yes,2026/05/Apprendre-a-marcher-avec-Dieu.png,yes,no,,1,,1,,THUMBNAIL,REJECTED_REGENERABLE
2026/05/Apprendre-a-marcher-avec-Dieu-300x300.png,Apprendre-a-marcher-avec-Dieu-300x300.png,.png,29619,image/png,magic,346883a24cd237dd6ce2052aaa476621c4dd0fd845ccf44fc5bf8deaa058a36a,300,300,1444,sized_variant,0,yes,featured_image,yes,2026/05/Apprendre-a-marcher-avec-Dieu.png,yes,no,,1,,1,,THUMBNAIL,REJECTED_REGENERABLE
2026/05/Apprendre-a-marcher-avec-Dieu-768x768.png,Apprendre-a-marcher-avec-Dieu-768x768.png,.png,190078,image/png,magic,92c697db43f77afc153dd50ab9719b682192051d58d7c9850eb500a02d213f65,768,768,1444,sized_variant,0,yes,featured_image,yes,2026/05/Apprendre-a-marcher-avec-Dieu.png,yes,no,,1,,1,,THUMBNAIL,REJECTED_REGENERABLE
2026/05/Apprendre-a-marcher-avec-Dieu.png,Apprendre-a-marcher-avec-Dieu.png,.png,191954,image/png,magic,fe877704a8e758b99e89aa809fe0aea16b18510e54eeaf30b555bd6c193282a6,1024,1024,1444,original,0,yes,filename_in_content|featured_image,yes,,no,no,,1,,1,,ORIGINAL_USED,EXPORTABLE
2026/05/Batir-une-Cite-de-Lumiere-dans-un-monde-de-tenebres-1024x683.png,Batir-une-Cite-de-Lumiere-dans-un-monde-de-tenebres-1024x683.png,.png,274458,image/png,magic,eeca989900d8340f05b659a5702ed5142a3ae3c7901f0281c4b5312422ec3db5,1024,683,1442,sized_variant,0,yes,featured_image,yes,2026/05/Batir-une-Cite-de-Lumiere-dans-un-monde-de-tenebres.png,yes,no,,1,,1,,THUMBNAIL,REJECTED_REGENERABLE
2026/05/Batir-une-Cite-de-Lumiere-dans-un-monde-de-tenebres-150x150.png,Batir-une-Cite-de-Lumiere-dans-un-monde-de-tenebres-150x150.png,.png,12919,image/png,magic,987faa22e25b33ff45cd0c426ba69cb195b7866cab7f505ac770f7c9ed701428,150,150,1442,sized_variant,0,yes,featured_image,yes,2026/05/Batir-une-Cite-de-Lumiere-dans-un-monde-de-tenebres.png,yes,no,,1,,1,,THUMBNAIL,REJECTED_REGENERABLE
2026/05/Batir-une-Cite-de-Lumiere-dans-un-monde-de-tenebres-300x200.png,Batir-une-Cite-de-Lumiere-dans-un-monde-de-tenebres-300x200.png,.png,31584,image/png,magic,cd6811723c8924f7eebfd6a97b9050b9b6e719b820da070a159ff9cb2048f422,300,200,1442,sized_variant,0,yes,featured_image,yes,2026/05/Batir-une-Cite-de-Lumiere-dans-un-monde-de-tenebres.png,yes,no,,1,,1,,THUMBNAIL,REJECTED_REGENERABLE
2026/05/Batir-une-Cite-de-Lumiere-dans-un-monde-de-tenebres-768x512.png,Batir-une-Cite-de-Lumiere-dans-un-monde-de-tenebres-768x512.png,.png,155193,image/png,magic,2f82b6e8b70b62a0dd96e25c157eccf921445652b1fd57c98b27ba2ace229da3,768,512,1442,sized_variant,0,yes,featured_image,yes,2026/05/Batir-une-Cite-de-Lumiere-dans-un-monde-de-tenebres.png,yes,no,,1,,1,,THUMBNAIL,REJECTED_REGENERABLE
2026/05/Batir-une-Cite-de-Lumiere-dans-un-monde-de-tenebres.png,Batir-une-Cite-de-Lumiere-dans-un-monde-de-tenebres.png,.png,454329,image/png,magic,c577bf9dec12e33974e7f8d3b04b474d4a3c5906478ceb2088b8ac34af937ebc,1536,1024,1442,original,0,yes,filename_in_content|featured_image,yes,,no,no,,1,,1,,ORIGINAL_USED,EXPORTABLE
2026/05/Batir-une-famille-selon-le-modele-divin-1024x683.png,Batir-une-famille-selon-le-modele-divin-1024x683.png,.png,449027,image/png,magic,d69354a0daa79cc21b3581ea2822f8f86d235cb770d8f8a13a1b2bfb0f88f9e1,1024,683,1435,sized_variant,0,yes,featured_image,yes,2026/05/Batir-une-famille-selon-le-modele-divin.png,yes,no,,1,,1,,THUMBNAIL,REJECTED_REGENERABLE
2026/05/Batir-une-famille-selon-le-modele-divin-150x150.png,Batir-une-famille-selon-le-modele-divin-150x150.png,.png,20318,image/png,magic,595fac430721fc5a71f99bc7ff82b85b506b89aa664452f861bb54fefe8180d3,150,150,1435,sized_variant,0,yes,featured_image,yes,2026/05/Batir-une-famille-selon-le-modele-divin.png,yes,no,,1,,1,,THUMBNAIL,REJECTED_REGENERABLE
2026/05/Batir-une-famille-selon-le-modele-divin-300x200.png,Batir-une-famille-selon-le-modele-divin-300x200.png,.png,46204,image/png,magic,22b598597d7887acd608554dd1fcc213404d6fe522a8017cefe8b8150214249c,300,200,1435,sized_variant,0,yes,featured_image,yes,2026/05/Batir-une-famille-selon-le-modele-divin.png,yes,no,,1,,1,,THUMBNAIL,REJECTED_REGENERABLE
2026/05/Batir-une-famille-selon-le-modele-divin-768x512.png,Batir-une-famille-selon-le-modele-divin-768x512.png,.png,257246,image/png,magic,4b9487089637703afe22438a112e20a927b8164c0a530021a9da4461b19e290b,768,512,1435,sized_variant,0,yes,featured_image,yes,2026/05/Batir-une-famille-selon-le-modele-divin.png,yes,no,,1,,1,,THUMBNAIL,REJECTED_REGENERABLE
2026/05/Batir-une-famille-selon-le-modele-divin.png,Batir-une-famille-selon-le-modele-divin.png,.png,612883,image/png,magic,7ba502f9ebb75903fd27ea5b37181b62c7068f4fc7eeb078d4f3728d75e5ec0c,1536,1024,1435,original,0,yes,filename_in_content|featured_image,yes,,no,no,,1,,1,,ORIGINAL_USED,EXPORTABLE
2026/05/CFIC-1024x683.png,CFIC-1024x683.png,.png,433730,image/png,magic,1af65cea3595fda101984c2f0cf19c2b94ec428bb061b68f5d8ea7e5dd501721,1024,683,938,sized_variant,0,no,none,yes,2026/05/CFIC.png,yes,no,,1,,1,,THUMBNAIL,REJECTED_REGENERABLE
2026/05/CFIC-150x150.png,CFIC-150x150.png,.png,19425,image/png,magic,69b945eb5e2e5d092474915cb09dbff664fa4d41733f6736041d44e1fe8198dd,150,150,938,sized_variant,0,no,none,yes,2026/05/CFIC.png,yes,no,,1,,1,,THUMBNAIL,REJECTED_REGENERABLE
2026/05/CFIC-300x200.png,CFIC-300x200.png,.png,46491,image/png,magic,4addd1e3abe1474b894d21cb19b3d253d274dff7c41eec513ce53868bccbdc75,300,200,938,sized_variant,0,no,none,yes,2026/05/CFIC.png,yes,no,,1,,1,,THUMBNAIL,REJECTED_REGENERABLE
2026/05/CFIC-768x512.png,CFIC-768x512.png,.png,255419,image/png,magic,3ac564a5f48767316b91b1092e83f427f5193fce22d6918c194d2d0bdf3fe0dc,768,512,938,sized_variant,0,no,none,yes,2026/05/CFIC.png,yes,no,,1,,1,,THUMBNAIL,REJECTED_REGENERABLE
2026/05/CFIC.png,CFIC.png,.png,532815,image/png,magic,c3c46cf657814a719b8a6abc6acdca504c35e8d8b16601f8aa135311eb2bf88f,1536,1024,938,original,0,yes,path_in_content,yes,,no,no,,1,,1,,ORIGINAL_USED,EXPORTABLE
2026/05/DEMANDE-PRIERE-1024x683.png,DEMANDE-PRIERE-1024x683.png,.png,466316,image/png,magic,b0963dd14e583f71a7e67aa4468c45b5fc612b1e2123773babd1f4d4da03b5a7,1024,683,1074,sized_variant,0,no,none,yes,2026/05/DEMANDE-PRIERE.png,yes,no,,1,,1,,THUMBNAIL,REJECTED_REGENERABLE
2026/05/DEMANDE-PRIERE-150x150.png,DEMANDE-PRIERE-150x150.png,.png,21881,image/png,magic,b3442bf42204f88efc4509a5c706e9cb7708b4a53048d05769a1d7fb5adebb8e,150,150,1074,sized_variant,0,no,none,yes,2026/05/DEMANDE-PRIERE.png,yes,no,,1,,1,,THUMBNAIL,REJECTED_REGENERABLE
2026/05/DEMANDE-PRIERE-300x200.png,DEMANDE-PRIERE-300x200.png,.png,51744,image/png,magic,5e8270a2eb9a24a0347f6d8fd86323da0e537895cf6491e8323982a73cd5fb5d,300,200,1074,sized_variant,0,no,none,yes,2026/05/DEMANDE-PRIERE.png,yes,no,,1,,1,,THUMBNAIL,REJECTED_REGENERABLE
2026/05/DEMANDE-PRIERE-768x512.png,DEMANDE-PRIERE-768x512.png,.png,271727,image/png,magic,2d3731ad93ec2d836485995764e68792157cd18504ea3f247d0fd4abac21c605,768,512,1074,sized_variant,0,no,none,yes,2026/05/DEMANDE-PRIERE.png,yes,no,,1,,1,,THUMBNAIL,REJECTED_REGENERABLE
2026/05/DEMANDE-PRIERE.png,DEMANDE-PRIERE.png,.png,537959,image/png,magic,0de9b6232d107db660cda36db5147b5f7989187692f0667fff685e2362d69e5b,1536,1024,1074,original,0,yes,path_in_content,yes,,no,no,,1,,1,,ORIGINAL_USED,EXPORTABLE
2026/05/Deviens-la-Femme-que-Dieu-avait-imaginee-1024x683.png,Deviens-la-Femme-que-Dieu-avait-imaginee-1024x683.png,.png,283706,image/png,magic,f3d69a2acf14ea7ecae7a3cdf6b95d23f9d024c648371a2b4755523835691eea,1024,683,1437,sized_variant,0,yes,featured_image,yes,2026/05/Deviens-la-Femme-que-Dieu-avait-imaginee.png,yes,no,,1,,1,,THUMBNAIL,REJECTED_REGENERABLE
2026/05/Deviens-la-Femme-que-Dieu-avait-imaginee-150x150.png,Deviens-la-Femme-que-Dieu-avait-imaginee-150x150.png,.png,14587,image/png,magic,eed6544f3d832796c6cb70aa8f06f6d3f1874e65ec9d3c97b830eeec0bcacd6c,150,150,1437,sized_variant,0,yes,featured_image,yes,2026/05/Deviens-la-Femme-que-Dieu-avait-imaginee.png,yes,no,,1,,1,,THUMBNAIL,REJECTED_REGENERABLE
2026/05/Deviens-la-Femme-que-Dieu-avait-imaginee-300x200.png,Deviens-la-Femme-que-Dieu-avait-imaginee-300x200.png,.png,32562,image/png,magic,5308b3ac4da66fec97fc8adc65c4a27f731c60945b97874d1879672b84794f6a,300,200,1437,sized_variant,0,yes,featured_image,yes,2026/05/Deviens-la-Femme-que-Dieu-avait-imaginee.png,yes,no,,1,,1,,THUMBNAIL,REJECTED_REGENERABLE
2026/05/Deviens-la-Femme-que-Dieu-avait-imaginee-768x512.png,Deviens-la-Femme-que-Dieu-avait-imaginee-768x512.png,.png,158474,image/png,magic,0f573d83f421b0907e9887dd96aae056a2361c47cd289b64d9b45a9e2143d630,768,512,1437,sized_variant,0,yes,featured_image,yes,2026/05/Deviens-la-Femme-que-Dieu-avait-imaginee.png,yes,no,,1,,1,,THUMBNAIL,REJECTED_REGENERABLE
2026/05/Deviens-la-Femme-que-Dieu-avait-imaginee.png,Deviens-la-Femme-que-Dieu-avait-imaginee.png,.png,419549,image/png,magic,59042727dd50c1a9a01828ae67a699ac9b75e3a54d5a896bc8785f45e1a6a965,1536,1024,1437,original,0,yes,path_in_content|featured_image,yes,,no,no,,1,,1,,ORIGINAL_USED,EXPORTABLE
2026/05/Ecole-des-Appel-1024x683.png,Ecole-des-Appel-1024x683.png,.png,424320,image/png,magic,3367b06bab6d2ee49163578e43d6d2a743480b81cc978a8027a945ee0898aa5b,1024,683,739,sized_variant,0,yes,featured_image,yes,2026/05/Ecole-des-Appel.png,yes,no,,1,,1,,THUMBNAIL,REJECTED_REGENERABLE
2026/05/Ecole-des-Appel-150x150.png,Ecole-des-Appel-150x150.png,.png,20710,image/png,magic,9641a0197ea2bc3cb81ac35463d779295e5cefa7042da4bb3f224cfd75551432,150,150,739,sized_variant,0,yes,featured_image,yes,2026/05/Ecole-des-Appel.png,yes,no,,1,,1,,THUMBNAIL,REJECTED_REGENERABLE
2026/05/Ecole-des-Appel-300x200.png,Ecole-des-Appel-300x200.png,.png,45738,image/png,magic,c170ee2eba6a2b46d52c730dc7c33a53ef4551239b698bb0d4d5c465c05eaf6b,300,200,739,sized_variant,0,yes,featured_image,yes,2026/05/Ecole-des-Appel.png,yes,no,,1,,1,,THUMBNAIL,REJECTED_REGENERABLE
2026/05/Ecole-des-Appel-768x512.png,Ecole-des-Appel-768x512.png,.png,248562,image/png,magic,69471a928a14e1386c924e8f706363611d8a83d5a2d8357ce9b697b6a2aca02b,768,512,739,sized_variant,0,yes,featured_image,yes,2026/05/Ecole-des-Appel.png,yes,no,,1,,1,,THUMBNAIL,REJECTED_REGENERABLE
2026/05/Ecole-des-Appel.png,Ecole-des-Appel.png,.png,608334,image/png,magic,3fd02c8fe6f1d414e33e6696ab82e413063fe9d709f686f6c6fe7c6f5dcf1dfe,1536,1024,739,original,0,yes,featured_image,yes,,no,no,,1,,1,,ORIGINAL_USED,EXPORTABLE
2026/05/FORMER-POUR-TRANSFORMER-150x150.png,FORMER-POUR-TRANSFORMER-150x150.png,.png,19229,image/png,magic,3cb49f516ea420070ff3e4fb400b3871e86b596890f50e1221b97247dac9e919,150,150,1445,sized_variant,0,yes,featured_image,yes,2026/05/FORMER-POUR-TRANSFORMER.png,yes,no,,1,,1,,THUMBNAIL,REJECTED_REGENERABLE
2026/05/FORMER-POUR-TRANSFORMER-300x300.png,FORMER-POUR-TRANSFORMER-300x300.png,.png,64850,image/png,magic,1d44f76b47d9efe318ecd899400d87f17e5904b7d49a3e85ae52b6c437e015e0,300,300,1445,sized_variant,0,yes,featured_image,yes,2026/05/FORMER-POUR-TRANSFORMER.png,yes,no,,1,,1,,THUMBNAIL,REJECTED_REGENERABLE
2026/05/FORMER-POUR-TRANSFORMER-768x768.png,FORMER-POUR-TRANSFORMER-768x768.png,.png,337587,image/png,magic,19ed373299e44b08c3a26012f026ec4750b65fa2ea5a6bc9e5d7431eeb3b3714,768,768,1445,sized_variant,0,yes,featured_image,yes,2026/05/FORMER-POUR-TRANSFORMER.png,yes,no,,1,,1,,THUMBNAIL,REJECTED_REGENERABLE
2026/05/FORMER-POUR-TRANSFORMER.png,FORMER-POUR-TRANSFORMER.png,.png,361105,image/png,magic,cff91a7f04fcc9ec35e85815a99020eda5585efc056b0990e1c4af233de8f2af,1024,1024,1445,original,0,yes,path_in_content|featured_image,yes,,no,no,,1,,1,,ORIGINAL_USED,EXPORTABLE
2026/05/Femme-exeption-1024x576.png,Femme-exeption-1024x576.png,.png,429402,image/png,magic,877f78c1239b48948870de41ae2c4aa9eb616b9b28a8bab53cfedb0771f77dee,1024,576,939,sized_variant,0,no,none,yes,2026/05/Femme-exeption.png,yes,no,,1,,1,,THUMBNAIL,REJECTED_REGENERABLE
2026/05/Femme-exeption-150x150.png,Femme-exeption-150x150.png,.png,22393,image/png,magic,a9cbb84cc7f068810af99574c3c09ada277ef7324ed05f71e6d5c2d23f7c5ee6,150,150,939,sized_variant,0,no,none,yes,2026/05/Femme-exeption.png,yes,no,,1,,1,,THUMBNAIL,REJECTED_REGENERABLE
2026/05/Femme-exeption-1536x864.png,Femme-exeption-1536x864.png,.png,916292,image/png,magic,934c887e891024962fdbc97f0b0d7c59f4a94963cb588ba48c2181d59ed02852,1536,864,939,sized_variant,0,no,none,yes,2026/05/Femme-exeption.png,yes,no,,1,,1,,THUMBNAIL,REJECTED_REGENERABLE
2026/05/Femme-exeption-300x169.png,Femme-exeption-300x169.png,.png,46741,image/png,magic,ab25e053a9d394fef7904e9e8aec5bb11ff3a55998bb19b3938fe9eb65b56110,300,169,939,sized_variant,0,no,none,yes,2026/05/Femme-exeption.png,yes,no,,1,,1,,THUMBNAIL,REJECTED_REGENERABLE
2026/05/Femme-exeption-768x432.png,Femme-exeption-768x432.png,.png,255370,image/png,magic,e05c2e95555b03cff18edf137666261a8d563d52360a5f5aca18dc6da5ccc004,768,432,939,sized_variant,0,no,none,yes,2026/05/Femme-exeption.png,yes,no,,1,,1,,THUMBNAIL,REJECTED_REGENERABLE
2026/05/Femme-exeption.png,Femme-exeption.png,.png,736014,image/png,magic,c6b7b45a610a78481f30341ad3b6c47f5de8958b0a25a24895aa7c9d3d7b7673,1672,941,939,original,0,yes,path_in_content,yes,,no,no,,1,,1,,ORIGINAL_USED,EXPORTABLE
2026/05/Grandir-dans-la-Parole-La-Formation-qui-Transforme-1024x683.png,Grandir-dans-la-Parole-La-Formation-qui-Transforme-1024x683.png,.png,244012,image/png,magic,51a85ff88156915a4e1ae37df7afa66ccf5697cd2f215a5adf30c5c53615e94b,1024,683,1443,sized_variant,0,yes,featured_image,yes,2026/05/Grandir-dans-la-Parole-La-Formation-qui-Transforme.png,yes,no,,1,,1,,THUMBNAIL,REJECTED_REGENERABLE
2026/05/Grandir-dans-la-Parole-La-Formation-qui-Transforme-150x150.png,Grandir-dans-la-Parole-La-Formation-qui-Transforme-150x150.png,.png,11978,image/png,magic,e22e67e38ca4fb5fc4fab4f79d9d5001ccd83a9779a7b31913759e563e5160d9,150,150,1443,sized_variant,0,yes,featured_image,yes,2026/05/Grandir-dans-la-Parole-La-Formation-qui-Transforme.png,yes,no,,1,,1,,THUMBNAIL,REJECTED_REGENERABLE
2026/05/Grandir-dans-la-Parole-La-Formation-qui-Transforme-300x200.png,Grandir-dans-la-Parole-La-Formation-qui-Transforme-300x200.png,.png,25443,image/png,magic,230454429b4aacf2f45cf00b93fbab05e3df1503808eefc0c4be86dd4f5cbe2b,300,200,1443,sized_variant,0,yes,featured_image,yes,2026/05/Grandir-dans-la-Parole-La-Formation-qui-Transforme.png,yes,no,,1,,1,,THUMBNAIL,REJECTED_REGENERABLE
2026/05/Grandir-dans-la-Parole-La-Formation-qui-Transforme-768x512.png,Grandir-dans-la-Parole-La-Formation-qui-Transforme-768x512.png,.png,135113,image/png,magic,72e10c698d006d0fe20423018c4fbbeea42311498a1f0f856090a58a1a161aab,768,512,1443,sized_variant,0,yes,featured_image,yes,2026/05/Grandir-dans-la-Parole-La-Formation-qui-Transforme.png,yes,no,,1,,1,,THUMBNAIL,REJECTED_REGENERABLE
2026/05/Grandir-dans-la-Parole-La-Formation-qui-Transforme.png,Grandir-dans-la-Parole-La-Formation-qui-Transforme.png,.png,340310,image/png,magic,0d999e37401d85525743cfb7608057e3616f43abff4cbbf009093be0709a9c28,1536,1024,1443,original,0,yes,path_in_content|featured_image,yes,,no,no,,1,,1,,ORIGINAL_USED,EXPORTABLE
2026/05/Heros-Chapelle-150x150.png,Heros-Chapelle-150x150.png,.png,17711,image/png,magic,f8fc99c9fbff309813a0f961d013d9a9eaf167207eb15ecfb99b6bfa61be4c1c,150,150,1279,sized_variant,0,no,none,yes,2026/05/Heros-Chapelle.png,yes,no,,1,,1,,THUMBNAIL,REJECTED_REGENERABLE
2026/05/Heros-Chapelle-300x300.png,Heros-Chapelle-300x300.png,.png,58503,image/png,magic,6ef631908bfc46d0e73fdbce2f37c48dc9d016e60ba063e810d3d8111cd067d6,300,300,1279,sized_variant,0,no,none,yes,2026/05/Heros-Chapelle.png,yes,no,,1,,1,,THUMBNAIL,REJECTED_REGENERABLE
2026/05/Heros-Chapelle-768x768.png,Heros-Chapelle-768x768.png,.png,333926,image/png,magic,2a24383357d0b55e34cd65fad8db7c59c8dc1aac251197f56eef9af34e72318d,768,768,1279,sized_variant,0,no,none,yes,2026/05/Heros-Chapelle.png,yes,no,,1,,1,,THUMBNAIL,REJECTED_REGENERABLE
2026/05/Heros-Chapelle.png,Heros-Chapelle.png,.png,470574,image/png,magic,57c0717e0bf8440660fd2edbbad75bcebf1d3e8ff3cf5f866c9ec73acfea7ad1,1024,1024,1279,original,0,yes,path_in_content,yes,,no,no,,1,,1,,ORIGINAL_USED,EXPORTABLE
2026/05/INSCRIPTIONa-150x150.png,INSCRIPTIONa-150x150.png,.png,18803,image/png,magic,6388d948b73f9e815ef7ff84e38f8baad2e8818145d808875131c0cdce6cfb8f,150,150,572,sized_variant,0,no,none,yes,2026/05/INSCRIPTIONa.png,yes,no,,1,,1,,THUMBNAIL,REJECTED_REGENERABLE
2026/05/INSCRIPTIONa-200x300.png,INSCRIPTIONa-200x300.png,.png,38901,image/png,magic,2b378a294b51d4f49042e9f2598ea67f13e596bc3224126caa0d6191e4fff341,200,300,572,sized_variant,0,no,none,yes,2026/05/INSCRIPTIONa.png,yes,no,,1,,1,,THUMBNAIL,REJECTED_REGENERABLE
2026/05/INSCRIPTIONa-683x1024.png,INSCRIPTIONa-683x1024.png,.png,322855,image/png,magic,7d54ba68dfb27c0886bb6f27e075df261ddc567d856ee1a709d9e86988bde56c,683,1024,572,sized_variant,0,no,none,yes,2026/05/INSCRIPTIONa.png,yes,no,,1,,1,,THUMBNAIL,REJECTED_REGENERABLE
2026/05/INSCRIPTIONa-768x1152.png,INSCRIPTIONa-768x1152.png,.png,403461,image/png,magic,5a3dc31a1fb7e403b0516a6a93ea20c70d4fdef85a6e0162d41d8a5f2337466c,768,1152,572,sized_variant,0,no,none,yes,2026/05/INSCRIPTIONa.png,yes,no,,1,,1,,THUMBNAIL,REJECTED_REGENERABLE
2026/05/INSCRIPTIONa.png,INSCRIPTIONa.png,.png,553422,image/png,magic,d421a1f43300dca59d16b728b981af0cbd82d275f12394c00bab7f9f03f0f4b2,1024,1536,572,original,0,yes,path_in_content,yes,,no,no,,1,,1,,ORIGINAL_USED,EXPORTABLE
2026/05/LE-SAINT-ESPRIT-ET-LE-CROYANT.pdf,LE-SAINT-ESPRIT-ET-LE-CROYANT.pdf,.pdf,693358,application/pdf,magic,398c437123158ccf4b0fd8171c70042b6a8f0b5eb15c9f16de623817c087aff1,,,1152,original,0,no,none,yes,,no,no,,1,,1,,ORIGINAL_UNUSED,EXPORTABLE
2026/05/LES-CLES-DE-LA-COMMUNICATION-DANS-LE-COUPLE-1024x683.png,LES-CLES-DE-LA-COMMUNICATION-DANS-LE-COUPLE-1024x683.png,.png,457442,image/png,magic,db4467e0ab2d6e45750010b40c7897b42e3cad3386d12f56520018acb9077148,1024,683,1436,sized_variant,0,yes,featured_image,yes,2026/05/LES-CLES-DE-LA-COMMUNICATION-DANS-LE-COUPLE.png,yes,no,,1,,1,,THUMBNAIL,REJECTED_REGENERABLE
2026/05/LES-CLES-DE-LA-COMMUNICATION-DANS-LE-COUPLE-150x150.png,LES-CLES-DE-LA-COMMUNICATION-DANS-LE-COUPLE-150x150.png,.png,18395,image/png,magic,0a759fecc2ae5fb09595ef40af0e0a094ba698302e1958b1f91d28f19a5e5dff,150,150,1436,sized_variant,0,yes,featured_image,yes,2026/05/LES-CLES-DE-LA-COMMUNICATION-DANS-LE-COUPLE.png,yes,no,,1,,1,,THUMBNAIL,REJECTED_REGENERABLE
2026/05/LES-CLES-DE-LA-COMMUNICATION-DANS-LE-COUPLE-300x200.png,LES-CLES-DE-LA-COMMUNICATION-DANS-LE-COUPLE-300x200.png,.png,44868,image/png,magic,d4394507e9a898286d03a733dffae9a83cc38f929ea546e67afb195970fe4a72,300,200,1436,sized_variant,0,yes,featured_image,yes,2026/05/LES-CLES-DE-LA-COMMUNICATION-DANS-LE-COUPLE.png,yes,no,,1,,1,,THUMBNAIL,REJECTED_REGENERABLE
2026/05/LES-CLES-DE-LA-COMMUNICATION-DANS-LE-COUPLE-768x512.png,LES-CLES-DE-LA-COMMUNICATION-DANS-LE-COUPLE-768x512.png,.png,249404,image/png,magic,23df93e8d122fb778bf10ff042f17f3bc973cae1a44e59a35fdd2e7d6f073a7e,768,512,1436,sized_variant,0,yes,featured_image,yes,2026/05/LES-CLES-DE-LA-COMMUNICATION-DANS-LE-COUPLE.png,yes,no,,1,,1,,THUMBNAIL,REJECTED_REGENERABLE
2026/05/LES-CLES-DE-LA-COMMUNICATION-DANS-LE-COUPLE.png,LES-CLES-DE-LA-COMMUNICATION-DANS-LE-COUPLE.png,.png,735620,image/png,magic,583c483d22df0e23733c6ab4dbabc430a0379471739d20743b9982b2c439539d,1536,1024,1436,original,0,yes,path_in_content|featured_image,yes,,no,no,,1,,1,,ORIGINAL_USED,EXPORTABLE
2026/05/LOGO-OR-CHAPELLE-1024x683.png,LOGO-OR-CHAPELLE-1024x683.png,.png,370349,image/png,magic,38b00a2d1fa5eaf963c59f41a22f1ea5bcbc20ea67686ae146eaf9fca26c778b,1024,683,34,sized_variant,11,yes,attached_to_post:11,yes,2026/05/LOGO-OR-CHAPELLE.png,yes,no,,1,,1,,THUMBNAIL,REJECTED_REGENERABLE
2026/05/LOGO-OR-CHAPELLE-150x150.png,LOGO-OR-CHAPELLE-150x150.png,.png,30003,image/png,magic,4afb1f26894867de8f8b023805fb7b0d31749875274548ed2a8adac502bd535f,150,150,34,sized_variant,11,yes,attached_to_post:11,yes,2026/05/LOGO-OR-CHAPELLE.png,yes,no,,1,,1,,THUMBNAIL,REJECTED_REGENERABLE
2026/05/LOGO-OR-CHAPELLE-300x200.png,LOGO-OR-CHAPELLE-300x200.png,.png,50620,image/png,magic,f1b3a92a0000ab93db62a805976236bf6745c1aa41a362a03f0967f08b1b173a,300,200,34,sized_variant,11,yes,attached_to_post:11,yes,2026/05/LOGO-OR-CHAPELLE.png,yes,no,,1,,1,,THUMBNAIL,REJECTED_REGENERABLE
2026/05/LOGO-OR-CHAPELLE-768x512.png,LOGO-OR-CHAPELLE-768x512.png,.png,223258,image/png,magic,b160d4d9be2b8738d0d83ab9b55ad1488a905b4a4c7e273790ed8a9950dd59a2,768,512,34,sized_variant,11,yes,attached_to_post:11,yes,2026/05/LOGO-OR-CHAPELLE.png,yes,no,,1,,1,,THUMBNAIL,REJECTED_REGENERABLE
2026/05/LOGO-OR-CHAPELLE.png,LOGO-OR-CHAPELLE.png,.png,1670122,image/png,magic,2d932ab3d0ed233c02c1a6c2068a76e5f8635a899a8b07db4b08d28ac7170cfa,1536,1024,34,original,11,yes,path_in_content|attached_to_post:11,yes,,no,no,,1,,1,,ORIGINAL_USED,EXPORTABLE
2026/05/La-Compassion-en-Action-1024x683.png,La-Compassion-en-Action-1024x683.png,.png,445358,image/png,magic,0ba162646074cd3b335a6a79f8dff8f07e091c8f021e207c5da9d67b74d8468f,1024,683,1441,sized_variant,0,yes,featured_image,yes,2026/05/La-Compassion-en-Action.png,yes,no,,1,,1,,THUMBNAIL,REJECTED_REGENERABLE
2026/05/La-Compassion-en-Action-150x150.png,La-Compassion-en-Action-150x150.png,.png,19686,image/png,magic,4617cb205afa270e07b154d596ead91b10b06d11c0ac5ddd57a1248d152613f0,150,150,1441,sized_variant,0,yes,featured_image,yes,2026/05/La-Compassion-en-Action.png,yes,no,,1,,1,,THUMBNAIL,REJECTED_REGENERABLE
2026/05/La-Compassion-en-Action-300x200.png,La-Compassion-en-Action-300x200.png,.png,46035,image/png,magic,1c6eb1824158c2e98851f634f1de2295a3645ab78dffd8b63c5bfd0da987351d,300,200,1441,sized_variant,0,yes,featured_image,yes,2026/05/La-Compassion-en-Action.png,yes,no,,1,,1,,THUMBNAIL,REJECTED_REGENERABLE
2026/05/La-Compassion-en-Action-768x512.png,La-Compassion-en-Action-768x512.png,.png,254008,image/png,magic,20b90665cadd16500834e2158bd4c1950b009bb754fbbfd35b9f153457ae21ee,768,512,1441,sized_variant,0,yes,featured_image,yes,2026/05/La-Compassion-en-Action.png,yes,no,,1,,1,,THUMBNAIL,REJECTED_REGENERABLE
2026/05/La-Compassion-en-Action.png,La-Compassion-en-Action.png,.png,603178,image/png,magic,f91c7a3b79ef060ae759170f9644ac27dacd3815426383510c1c03cbd6cc66dc,1536,1024,1441,original,0,yes,path_in_content|featured_image,yes,,no,no,,1,,1,,ORIGINAL_USED,EXPORTABLE
2026/05/Le-Pouvoir-Spirituel-dune-Femme-qui-Prie-1024x683.png,Le-Pouvoir-Spirituel-dune-Femme-qui-Prie-1024x683.png,.png,367191,image/png,magic,b6d5554701ed9ee0d1b785d35db69b1a7389ab4d70ef846757d41026d9dc92f5,1024,683,1439,sized_variant,0,yes,featured_image,yes,2026/05/Le-Pouvoir-Spirituel-dune-Femme-qui-Prie.png,yes,no,,1,,1,,THUMBNAIL,REJECTED_REGENERABLE
2026/05/Le-Pouvoir-Spirituel-dune-Femme-qui-Prie-150x150.png,Le-Pouvoir-Spirituel-dune-Femme-qui-Prie-150x150.png,.png,15897,image/png,magic,97bfb6420ba68bb61baea3968b6cffe87f493967ad17f33784d1004c52e4416e,150,150,1439,sized_variant,0,yes,featured_image,yes,2026/05/Le-Pouvoir-Spirituel-dune-Femme-qui-Prie.png,yes,no,,1,,1,,THUMBNAIL,REJECTED_REGENERABLE
2026/05/Le-Pouvoir-Spirituel-dune-Femme-qui-Prie-300x200.png,Le-Pouvoir-Spirituel-dune-Femme-qui-Prie-300x200.png,.png,37651,image/png,magic,f3e6d2b3b8c17ccb50bd45d2b4166ae6382dd9d7b237dca4e4544228072a754d,300,200,1439,sized_variant,0,yes,featured_image,yes,2026/05/Le-Pouvoir-Spirituel-dune-Femme-qui-Prie.png,yes,no,,1,,1,,THUMBNAIL,REJECTED_REGENERABLE
2026/05/Le-Pouvoir-Spirituel-dune-Femme-qui-Prie-768x512.png,Le-Pouvoir-Spirituel-dune-Femme-qui-Prie-768x512.png,.png,203334,image/png,magic,96036878b9179e033ac5f14222ecfd4e506fb2e4e5cfc460148b5213e8026471,768,512,1439,sized_variant,0,yes,featured_image,yes,2026/05/Le-Pouvoir-Spirituel-dune-Femme-qui-Prie.png,yes,no,,1,,1,,THUMBNAIL,REJECTED_REGENERABLE
2026/05/Le-Pouvoir-Spirituel-dune-Femme-qui-Prie.png,Le-Pouvoir-Spirituel-dune-Femme-qui-Prie.png,.png,483796,image/png,magic,602bb9d15fa3211083381a9ca52695ffc73330f6106d2b80f84dcb6e43f01e38,1536,1024,1439,original,0,yes,path_in_content|featured_image,yes,,no,no,,1,,1,,ORIGINAL_USED,EXPORTABLE
2026/05/Les-Mains-qui-Batissent-1024x683.png,Les-Mains-qui-Batissent-1024x683.png,.png,451540,image/png,magic,ac185cee2d4f1080bfd37e1250ed2773ddb59273179ca1391984f51744ef9a71,1024,683,1440,sized_variant,0,yes,featured_image,yes,2026/05/Les-Mains-qui-Batissent.png,yes,no,,1,,1,,THUMBNAIL,REJECTED_REGENERABLE
2026/05/Les-Mains-qui-Batissent-150x150.png,Les-Mains-qui-Batissent-150x150.png,.png,19976,image/png,magic,2aee5030bbc66e2b044c661983fcb516a97a12a2f053ad2de610ce6847f703d1,150,150,1440,sized_variant,0,yes,featured_image,yes,2026/05/Les-Mains-qui-Batissent.png,yes,no,,1,,1,,THUMBNAIL,REJECTED_REGENERABLE
2026/05/Les-Mains-qui-Batissent-300x200.png,Les-Mains-qui-Batissent-300x200.png,.png,48261,image/png,magic,8c4b806be3c30a69d80bf3c9a8c587f05166fc04dadbb82ed142e66e9641dfe4,300,200,1440,sized_variant,0,yes,featured_image,yes,2026/05/Les-Mains-qui-Batissent.png,yes,no,,1,,1,,THUMBNAIL,REJECTED_REGENERABLE
2026/05/Les-Mains-qui-Batissent-768x512.png,Les-Mains-qui-Batissent-768x512.png,.png,258429,image/png,magic,b854ad48a90dff005cfce25c5d0a440836b8406546016a239045528f7a71e628,768,512,1440,sized_variant,0,yes,featured_image,yes,2026/05/Les-Mains-qui-Batissent.png,yes,no,,1,,1,,THUMBNAIL,REJECTED_REGENERABLE
2026/05/Les-Mains-qui-Batissent.png,Les-Mains-qui-Batissent.png,.png,533863,image/png,magic,3de20d07bdd555b8e5becf837d89b97cecf3092407cb2c921dd56f196763122c,1536,1024,1440,original,0,yes,path_in_content|featured_image,yes,,no,no,,1,,1,,ORIGINAL_USED,EXPORTABLE
2026/05/Les-familles-de-la-chapelle-1024x576.png,Les-familles-de-la-chapelle-1024x576.png,.png,416074,image/png,magic,66ec1ba3abad1e557e917b4930fe5115d6be57ecfa618afff6bdd089ec7f83c9,1024,576,940,sized_variant,0,no,none,yes,2026/05/Les-familles-de-la-chapelle.png,yes,no,,1,,1,,THUMBNAIL,REJECTED_REGENERABLE
2026/05/Les-familles-de-la-chapelle-150x150.png,Les-familles-de-la-chapelle-150x150.png,.png,21830,image/png,magic,38d45b57b5e419248dee7337aa72efc9b8ab11e782719892742551b47f646d00,150,150,940,sized_variant,0,no,none,yes,2026/05/Les-familles-de-la-chapelle.png,yes,no,,1,,1,,THUMBNAIL,REJECTED_REGENERABLE
2026/05/Les-familles-de-la-chapelle-1536x864.png,Les-familles-de-la-chapelle-1536x864.png,.png,884737,image/png,magic,b8d0fbd8b82fcb0fe053e14de2a84e908e9823bedd52de8317502217c3db5756,1536,864,940,sized_variant,0,no,none,yes,2026/05/Les-familles-de-la-chapelle.png,yes,no,,1,,1,,THUMBNAIL,REJECTED_REGENERABLE
2026/05/Les-familles-de-la-chapelle-300x169.png,Les-familles-de-la-chapelle-300x169.png,.png,45643,image/png,magic,07a955d0dc39abc88b2f22df81dee9a644ecca01c513e57f2bbbc7d10a759861,300,169,940,sized_variant,0,no,none,yes,2026/05/Les-familles-de-la-chapelle.png,yes,no,,1,,1,,THUMBNAIL,REJECTED_REGENERABLE
2026/05/Les-familles-de-la-chapelle-768x432.png,Les-familles-de-la-chapelle-768x432.png,.png,245868,image/png,magic,d7e67c6ad6f9972a677f4ec9e98642c906a2b0ea4dc887b7a113164f8b144fe0,768,432,940,sized_variant,0,no,none,yes,2026/05/Les-familles-de-la-chapelle.png,yes,no,,1,,1,,THUMBNAIL,REJECTED_REGENERABLE
2026/05/Les-familles-de-la-chapelle.png,Les-familles-de-la-chapelle.png,.png,668712,image/png,magic,3cd4ba8a90cbaf1581ecbf6cca0d06a1982be37306840bcf60a693ccee3cdfa8,1672,941,940,original,0,yes,path_in_content,yes,,no,no,,1,,1,,ORIGINAL_USED,EXPORTABLE
2026/05/Logo-facion-chapelle-150x150.png,Logo-facion-chapelle-150x150.png,.png,33304,image/png,magic,29dc1270a792d9c8cdfa058c987a51ea29bf1eb82e5d7ac182610b443a8e2eab,150,150,35,sized_variant,11,yes,attached_to_post:11,yes,2026/05/Logo-facion-chapelle.png,yes,no,,1,,1,,THUMBNAIL,REJECTED_REGENERABLE
2026/05/Logo-facion-chapelle-300x300.png,Logo-facion-chapelle-300x300.png,.png,121208,image/png,magic,bf329ea437f28a0d03f3f5c2bd2005110ead87197a7e7ecbb8e14feea30b65d5,300,300,35,sized_variant,11,yes,attached_to_post:11,yes,2026/05/Logo-facion-chapelle.png,yes,no,,1,,1,,THUMBNAIL,REJECTED_REGENERABLE
2026/05/Logo-facion-chapelle-768x768.png,Logo-facion-chapelle-768x768.png,.png,861860,image/png,magic,9d537e0e8a7c9570a700896e63b0a6e98b94f4f3d4cbf35773bacd399cd95b80,768,768,35,sized_variant,11,yes,attached_to_post:11,yes,2026/05/Logo-facion-chapelle.png,yes,no,,1,,1,,THUMBNAIL,REJECTED_REGENERABLE
2026/05/Logo-facion-chapelle.png,Logo-facion-chapelle.png,.png,1958193,image/png,magic,6ae52f0e4080c375953882c7361f90f586c6d9de7834f43107712c1ce8ea74b3,1024,1024,35,original,11,yes,path_in_content|attached_to_post:11,yes,,no,no,,1,,1,,ORIGINAL_USED,EXPORTABLE
2026/05/Ouragan-1-1-1024x683.png,Ouragan-1-1-1024x683.png,.png,425170,image/png,magic,ffeec2c204e6aa16b28b4b276dda50a4a5f1f273b18b862060fbc4800f0f1e07,1024,683,1140,sized_variant,0,yes,path_in_content,yes,2026/05/Ouragan-1-1.png,yes,no,,1,,1,,THUMBNAIL,REJECTED_REGENERABLE
2026/05/Ouragan-1-1-150x150.png,Ouragan-1-1-150x150.png,.png,19670,image/png,magic,d6ed6dfa19295f83ad4f0f1eaed4cb348608e0d0dc4aee1f1285914246351612,150,150,1140,sized_variant,0,no,none,yes,2026/05/Ouragan-1-1.png,yes,no,,1,,1,,THUMBNAIL,REJECTED_REGENERABLE
2026/05/Ouragan-1-1-300x200.png,Ouragan-1-1-300x200.png,.png,48581,image/png,magic,871eff4a211e101fc1be9bdffab9b0f371f4fd982bf9c96b248b6f8d2439007d,300,200,1140,sized_variant,0,no,none,yes,2026/05/Ouragan-1-1.png,yes,no,,1,,1,,THUMBNAIL,REJECTED_REGENERABLE
2026/05/Ouragan-1-1-768x512.png,Ouragan-1-1-768x512.png,.png,254237,image/png,magic,a9ebd46775a5d316594c34e6c4f4654b8782e2a6fc09c4ac7d9ea4c9df02ee81,768,512,1140,sized_variant,0,no,none,yes,2026/05/Ouragan-1-1.png,yes,no,,1,,1,,THUMBNAIL,REJECTED_REGENERABLE
2026/05/Ouragan-1-1.png,Ouragan-1-1.png,.png,757673,image/png,magic,4f625f07157e11d111f120b72af01c71b9dc54e867bab4cecb2a3659310c37bc,1536,1024,1140,original,0,yes,path_in_content,yes,,no,no,,1,,1,,ORIGINAL_USED,EXPORTABLE
2026/05/PARCOURS-1-1024x683.png,PARCOURS-1-1024x683.png,.png,405925,image/png,magic,37719f96471f2225470bd2da1eeef5f216a7bb64da9fb972730ceb96f8009071,1024,683,733,sized_variant,0,yes,featured_image,yes,2026/05/PARCOURS-1.png,yes,no,,1,,1,,THUMBNAIL,REJECTED_REGENERABLE
2026/05/PARCOURS-1-150x150.png,PARCOURS-1-150x150.png,.png,19930,image/png,magic,81f3f0f80b30b1255b001e73955dda3b457ff68ecce7e06753ed51f593fd5c92,150,150,733,sized_variant,0,yes,featured_image,yes,2026/05/PARCOURS-1.png,yes,no,,1,,1,,THUMBNAIL,REJECTED_REGENERABLE
2026/05/PARCOURS-1-300x200.png,PARCOURS-1-300x200.png,.png,45714,image/png,magic,469df22edb548e303cec31682c60ea73c6efa1cf8b0ed1dbe62a04cbb045a7bf,300,200,733,sized_variant,0,yes,featured_image,yes,2026/05/PARCOURS-1.png,yes,no,,1,,1,,THUMBNAIL,REJECTED_REGENERABLE
2026/05/PARCOURS-1-768x512.png,PARCOURS-1-768x512.png,.png,240135,image/png,magic,3f8e29a719e4d9a614be7f43783f5c21fbdd66965a511c957d6a654a3c0191a4,768,512,733,sized_variant,0,yes,featured_image,yes,2026/05/PARCOURS-1.png,yes,no,,1,,1,,THUMBNAIL,REJECTED_REGENERABLE
2026/05/PARCOURS-1.png,PARCOURS-1.png,.png,513374,image/png,magic,85510a54714345010000f78c83a344e0848559472aab061ce308b0fd8c521441,1536,1024,733,original,0,yes,featured_image,yes,,no,no,,1,,1,,ORIGINAL_USED,EXPORTABLE
2026/05/PARCOURS-2-1024x683.png,PARCOURS-2-1024x683.png,.png,406191,image/png,magic,45eb1bda879b77c4e0102d6a950da9498f45463344e4f5d8df70cd858200e1ef,1024,683,735,sized_variant,0,yes,featured_image,yes,2026/05/PARCOURS-2.png,yes,no,,1,,1,,THUMBNAIL,REJECTED_REGENERABLE
2026/05/PARCOURS-2-150x150.png,PARCOURS-2-150x150.png,.png,18679,image/png,magic,c81c1f8e392ef1f4be9d1ac55d1d9cbe3f66d356327c517a3579bdf435fd5651,150,150,735,sized_variant,0,yes,featured_image,yes,2026/05/PARCOURS-2.png,yes,no,,1,,1,,THUMBNAIL,REJECTED_REGENERABLE
2026/05/PARCOURS-2-300x200.png,PARCOURS-2-300x200.png,.png,45546,image/png,magic,046650976a9c7170f767e8fee892f743aa1a4b734863ebd88ee01881c31a6323,300,200,735,sized_variant,0,yes,featured_image,yes,2026/05/PARCOURS-2.png,yes,no,,1,,1,,THUMBNAIL,REJECTED_REGENERABLE
2026/05/PARCOURS-2-768x512.png,PARCOURS-2-768x512.png,.png,238293,image/png,magic,f57b7a8cc7abf79af3bb1dd15dc8c25d0ceccb98ed8c7089e3a8ba9bed356c17,768,512,735,sized_variant,0,yes,featured_image,yes,2026/05/PARCOURS-2.png,yes,no,,1,,1,,THUMBNAIL,REJECTED_REGENERABLE
2026/05/PARCOURS-2.png,PARCOURS-2.png,.png,517425,image/png,magic,fac458c12b1f8d2f533bb05e91362f5726ee0c6ad724f874448ce0957f49d20c,1536,1024,735,original,0,yes,featured_image,yes,,no,no,,1,,1,,ORIGINAL_USED,EXPORTABLE
2026/05/PARCOURS-3-1024x683.png,PARCOURS-3-1024x683.png,.png,428500,image/png,magic,bede96145f6505da23bd6aafe79d3a254d3c312fd2ae2601d0a4d64674aa957a,1024,683,737,sized_variant,0,yes,featured_image,yes,2026/05/PARCOURS-3.png,yes,no,,1,,1,,THUMBNAIL,REJECTED_REGENERABLE
2026/05/PARCOURS-3-150x150.png,PARCOURS-3-150x150.png,.png,19751,image/png,magic,4d383628134f11c28cc27781791fae336efe0fa2991ee33fc67913604ad9d327,150,150,737,sized_variant,0,yes,featured_image,yes,2026/05/PARCOURS-3.png,yes,no,,1,,1,,THUMBNAIL,REJECTED_REGENERABLE
2026/05/PARCOURS-3-300x200.png,PARCOURS-3-300x200.png,.png,47916,image/png,magic,83288cbb39aa9cdde41507c4a7ffbbf7d07d422dc03a0033731b9d5b7148e5dd,300,200,737,sized_variant,0,yes,featured_image,yes,2026/05/PARCOURS-3.png,yes,no,,1,,1,,THUMBNAIL,REJECTED_REGENERABLE
2026/05/PARCOURS-3-768x512.png,PARCOURS-3-768x512.png,.png,253474,image/png,magic,3562d239390f9747fcfd70f1baa65a585a65f72de9ad8edd6388198c9e0fbd67,768,512,737,sized_variant,0,yes,featured_image,yes,2026/05/PARCOURS-3.png,yes,no,,1,,1,,THUMBNAIL,REJECTED_REGENERABLE
2026/05/PARCOURS-3.png,PARCOURS-3.png,.png,596132,image/png,magic,abd095389dc4ca33dd619410bd97c7a1cfcf6c1aa9deb1dd547de52f9d1df571,1536,1024,737,original,0,yes,featured_image,yes,,no,no,,1,,1,,ORIGINAL_USED,EXPORTABLE
2026/05/PORTAIT-DOXA-150x150.png,PORTAIT-DOXA-150x150.png,.png,13464,image/png,magic,daa593792223435de2391d8c26b4a3f6a9131e9ec7e6c91f94b67eea4a6498e8,150,150,86,sized_variant,0,no,none,yes,2026/05/PORTAIT-DOXA.png,yes,no,,1,,1,,THUMBNAIL,REJECTED_REGENERABLE
2026/05/PORTAIT-DOXA-240x300.png,PORTAIT-DOXA-240x300.png,.png,38493,image/png,magic,5941df1727880253353c624bc82118367487ac6e20ab027b7c8854ffb59e038d,240,300,86,sized_variant,0,no,none,yes,2026/05/PORTAIT-DOXA.png,yes,no,,1,,1,,THUMBNAIL,REJECTED_REGENERABLE
2026/05/PORTAIT-DOXA.png,PORTAIT-DOXA.png,.png,121513,image/png,magic,9e074ae038f6154c86f3dedf8ba95aaf78c954ce00c937b1b7973f274bf64603,600,750,86,original,0,yes,path_in_content,yes,,no,no,,1,,1,,ORIGINAL_USED,EXPORTABLE
2026/05/Parcours-dintegration-1-1024x524.png,Parcours-dintegration-1-1024x524.png,.png,387100,image/png,magic,f93299452a8e1163d775622d4698a14efa5fe0cfb612087fb129c2648638a763,1024,524,919,sized_variant,0,no,none,yes,2026/05/Parcours-dintegration-1.png,yes,no,f93299452a8e1163,2,no,2,,EXACT_DUPLICATE,REJECTED_DEDUP
2026/05/Parcours-dintegration-1-150x150.png,Parcours-dintegration-1-150x150.png,.png,20791,image/png,magic,385335c135f5fb6e23a6f80eadb98a776745f9d7d3bb12e7296b7d555088ee5f,150,150,919,sized_variant,0,no,none,yes,2026/05/Parcours-dintegration-1.png,yes,no,385335c135f5fb6e,2,no,2,,EXACT_DUPLICATE,REJECTED_DEDUP
2026/05/Parcours-dintegration-1-1536x786.png,Parcours-dintegration-1-1536x786.png,.png,837469,image/png,magic,fdcd5dca8bb1a99af35e20c9a2ccb520885d7a1485d373f32a0243f2dde54ac8,1536,786,919,sized_variant,0,no,none,yes,2026/05/Parcours-dintegration-1.png,yes,no,fdcd5dca8bb1a99a,2,no,2,,EXACT_DUPLICATE,REJECTED_DEDUP
2026/05/Parcours-dintegration-1-300x154.png,Parcours-dintegration-1-300x154.png,.png,41156,image/png,magic,ad48631f712baed4426369d282366e9f78523bef6d133432ffb1d277426d9863,300,154,919,sized_variant,0,no,none,yes,2026/05/Parcours-dintegration-1.png,yes,no,ad48631f712baed4,2,no,2,,EXACT_DUPLICATE,REJECTED_DEDUP
2026/05/Parcours-dintegration-1-768x393.png,Parcours-dintegration-1-768x393.png,.png,227537,image/png,magic,30604d0ebbf1a455a251d4269e980accbf1592e882c25b4100835d0e506ee205,768,393,919,sized_variant,0,no,none,yes,2026/05/Parcours-dintegration-1.png,yes,no,30604d0ebbf1a455,2,no,2,,EXACT_DUPLICATE,REJECTED_DEDUP
2026/05/Parcours-dintegration-1.png,Parcours-dintegration-1.png,.png,647544,image/png,magic,b59e52e8a9696df46ce40ab9822653d751aae376670209cdecb0cf23849acefa,1752,897,919,original,0,no,none,yes,,no,no,b59e52e8a9696df4,2,no,2,,EXACT_DUPLICATE,REJECTED_DEDUP
2026/05/Parcours-dintegration-1024x524.png,Parcours-dintegration-1024x524.png,.png,387100,image/png,magic,f93299452a8e1163d775622d4698a14efa5fe0cfb612087fb129c2648638a763,1024,524,901,sized_variant,0,no,none,yes,2026/05/Parcours-dintegration.png,yes,no,f93299452a8e1163,2,yes,2,,THUMBNAIL,REJECTED_REGENERABLE
2026/05/Parcours-dintegration-150x150.png,Parcours-dintegration-150x150.png,.png,20791,image/png,magic,385335c135f5fb6e23a6f80eadb98a776745f9d7d3bb12e7296b7d555088ee5f,150,150,901,sized_variant,0,no,none,yes,2026/05/Parcours-dintegration.png,yes,no,385335c135f5fb6e,2,yes,2,,THUMBNAIL,REJECTED_REGENERABLE
2026/05/Parcours-dintegration-1536x786.png,Parcours-dintegration-1536x786.png,.png,837469,image/png,magic,fdcd5dca8bb1a99af35e20c9a2ccb520885d7a1485d373f32a0243f2dde54ac8,1536,786,901,sized_variant,0,no,none,yes,2026/05/Parcours-dintegration.png,yes,no,fdcd5dca8bb1a99a,2,yes,2,,THUMBNAIL,REJECTED_REGENERABLE
2026/05/Parcours-dintegration-300x154.png,Parcours-dintegration-300x154.png,.png,41156,image/png,magic,ad48631f712baed4426369d282366e9f78523bef6d133432ffb1d277426d9863,300,154,901,sized_variant,0,no,none,yes,2026/05/Parcours-dintegration.png,yes,no,ad48631f712baed4,2,yes,2,,THUMBNAIL,REJECTED_REGENERABLE
2026/05/Parcours-dintegration-768x393.png,Parcours-dintegration-768x393.png,.png,227537,image/png,magic,30604d0ebbf1a455a251d4269e980accbf1592e882c25b4100835d0e506ee205,768,393,901,sized_variant,0,no,none,yes,2026/05/Parcours-dintegration.png,yes,no,30604d0ebbf1a455,2,yes,2,,THUMBNAIL,REJECTED_REGENERABLE
2026/05/Parcours-dintegration.png,Parcours-dintegration.png,.png,647544,image/png,magic,b59e52e8a9696df46ce40ab9822653d751aae376670209cdecb0cf23849acefa,1752,897,901,original,0,no,none,yes,,no,no,b59e52e8a9696df4,2,yes,2,,ORIGINAL_UNUSED,EXPORTABLE
2026/05/Porteuse-de-Grace-et-dInfluence-1024x683.png,Porteuse-de-Grace-et-dInfluence-1024x683.png,.png,326619,image/png,magic,b02c853aef269382db68335e93b65b8a6c16ddde25a302249b55879a91ef72d1,1024,683,1438,sized_variant,0,yes,featured_image,yes,2026/05/Porteuse-de-Grace-et-dInfluence.png,yes,no,,1,,1,,THUMBNAIL,REJECTED_REGENERABLE
2026/05/Porteuse-de-Grace-et-dInfluence-150x150.png,Porteuse-de-Grace-et-dInfluence-150x150.png,.png,15842,image/png,magic,50fbac29775c3b53260aff77e4f6d9c4a3bcd15680578b7354e33f72d07ced0a,150,150,1438,sized_variant,0,yes,featured_image,yes,2026/05/Porteuse-de-Grace-et-dInfluence.png,yes,no,,1,,1,,THUMBNAIL,REJECTED_REGENERABLE
2026/05/Porteuse-de-Grace-et-dInfluence-300x200.png,Porteuse-de-Grace-et-dInfluence-300x200.png,.png,33590,image/png,magic,f3fe50c96eb20e1a78fbdb04d3df5a03182c55278a177076075d3f0eb123879a,300,200,1438,sized_variant,0,yes,featured_image,yes,2026/05/Porteuse-de-Grace-et-dInfluence.png,yes,no,,1,,1,,THUMBNAIL,REJECTED_REGENERABLE
2026/05/Porteuse-de-Grace-et-dInfluence-768x512.png,Porteuse-de-Grace-et-dInfluence-768x512.png,.png,181236,image/png,magic,c42a4cfc1458091f814d04536a196f3dd52b5aa51f58af312b09ce587f3e0854,768,512,1438,sized_variant,0,yes,featured_image,yes,2026/05/Porteuse-de-Grace-et-dInfluence.png,yes,no,,1,,1,,THUMBNAIL,REJECTED_REGENERABLE
2026/05/Porteuse-de-Grace-et-dInfluence.png,Porteuse-de-Grace-et-dInfluence.png,.png,442892,image/png,magic,eb5c0d3d16471514d1d8470b1e829264fcb49144e912c58c2ba7d56bb2eeb8e6,1536,1024,1438,original,0,yes,path_in_content|featured_image,yes,,no,no,,1,,1,,ORIGINAL_USED,EXPORTABLE
2026/05/RECEVOIR-LE-BAPTEME-DU-SAINT-ESPRIT.pdf,RECEVOIR-LE-BAPTEME-DU-SAINT-ESPRIT.pdf,.pdf,825535,application/pdf,magic,e309bc3d8e7e8f538d6b23ed65af7ad085719ffc8cf10f28dece86e270bb13f8,,,1191,original,0,no,none,yes,,no,no,,1,,1,,ORIGINAL_UNUSED,EXPORTABLE
2026/05/SE-CONNECTER-150x150.png,SE-CONNECTER-150x150.png,.png,18050,image/png,magic,4534545328343faf2d5782a49d09ebd1ae39b766ba44b5f0b21930f298a63afd,150,150,574,sized_variant,0,no,none,yes,2026/05/SE-CONNECTER.png,yes,no,,1,,1,,THUMBNAIL,REJECTED_REGENERABLE
2026/05/SE-CONNECTER-200x300.png,SE-CONNECTER-200x300.png,.png,42109,image/png,magic,d5a0c50143cdcdbdee728ac55238432bd7e309b1a134888d60cfa5b6de8149f0,200,300,574,sized_variant,0,no,none,yes,2026/05/SE-CONNECTER.png,yes,no,,1,,1,,THUMBNAIL,REJECTED_REGENERABLE
2026/05/SE-CONNECTER-683x1024.png,SE-CONNECTER-683x1024.png,.png,366027,image/png,magic,0e6bb8ee4c9b7cc7f8932cfc310a6e496701370cf2e82d9468ccbed498328a26,683,1024,574,sized_variant,0,no,none,yes,2026/05/SE-CONNECTER.png,yes,no,,1,,1,,THUMBNAIL,REJECTED_REGENERABLE
2026/05/SE-CONNECTER-768x1152.png,SE-CONNECTER-768x1152.png,.png,462867,image/png,magic,60b246bcf1b90b059f293fa472828003fdfdaee4bad994776fd7fc35c2800819,768,1152,574,sized_variant,0,no,none,yes,2026/05/SE-CONNECTER.png,yes,no,,1,,1,,THUMBNAIL,REJECTED_REGENERABLE
2026/05/SE-CONNECTER.png,SE-CONNECTER.png,.png,424791,image/png,magic,a0deca3885362608883f4780d53435587e5c0426f4023658cd7d3dc1498e6a56,1024,1536,574,original,0,yes,path_in_content,yes,,no,no,,1,,1,,ORIGINAL_USED,EXPORTABLE
2026/05/Ta-place-1024x546.png,Ta-place-1024x546.png,.png,616908,image/png,magic,267b81cce367a440ae8f1b09393901030906bc608072e9cf0ec1ceac7f9265ef,1024,546,891,sized_variant,0,no,none,yes,2026/05/Ta-place.png,yes,no,,1,,1,,THUMBNAIL,REJECTED_REGENERABLE
2026/05/Ta-place-150x150.png,Ta-place-150x150.png,.png,29752,image/png,magic,c49fb1ffd90beb1bec6b0642da8c473bd1539133b36e4f938421f0b0c55cbd42,150,150,891,sized_variant,0,no,none,yes,2026/05/Ta-place.png,yes,no,,1,,1,,THUMBNAIL,REJECTED_REGENERABLE
2026/05/Ta-place-1536x819.png,Ta-place-1536x819.png,.png,1285296,image/png,magic,338d453ae9f96bd1ee023feeedce8f3725fe181f33583709a79f1be0982d5c1e,1536,819,891,sized_variant,0,no,none,yes,2026/05/Ta-place.png,yes,no,,1,,1,,THUMBNAIL,REJECTED_REGENERABLE
2026/05/Ta-place-300x160.png,Ta-place-300x160.png,.png,67373,image/png,magic,8479e428b8b74de51066dfd1cae4567e0c37ab2a1636cec0878319a8adbf2538,300,160,891,sized_variant,0,no,none,yes,2026/05/Ta-place.png,yes,no,,1,,1,,THUMBNAIL,REJECTED_REGENERABLE
2026/05/Ta-place-768x410.png,Ta-place-768x410.png,.png,367841,image/png,magic,61b8e54d8ac6a5f9a3a1837948d7a71e239a9e3317f06ff1d1814380fcdee226,768,410,891,sized_variant,0,no,none,yes,2026/05/Ta-place.png,yes,no,,1,,1,,THUMBNAIL,REJECTED_REGENERABLE
2026/05/Ta-place.png,Ta-place.png,.png,1812447,image/png,magic,6c05a521fc95beb851bcfafdc7278f5ae259aa94ffa97c6711c0d855b9775d9c,1717,916,891,original,0,yes,path_in_content,yes,,no,no,,1,,1,,ORIGINAL_USED,EXPORTABLE
2026/05/Vision-2-1024x1024.png,Vision-2-1024x1024.png,.png,681544,image/png,magic,b834e60642527194b76821ae460cbbe75ae733369b9faac2d3948a56b707f72a,1024,1024,913,sized_variant,0,no,none,yes,2026/05/Vision-2.png,yes,no,,1,,1,,THUMBNAIL,REJECTED_REGENERABLE
2026/05/Vision-2-150x150.png,Vision-2-150x150.png,.png,20338,image/png,magic,3355763d44aa81509e89e1b068139f7e6ce49ffcb945a317fee3191c131f369e,150,150,913,sized_variant,0,no,none,yes,2026/05/Vision-2.png,yes,no,,1,,1,,THUMBNAIL,REJECTED_REGENERABLE
2026/05/Vision-2-300x300.png,Vision-2-300x300.png,.png,70002,image/png,magic,e2541c0384b4221575b91f139e61eb3cb055696fab84511631a6cc857fa84246,300,300,913,sized_variant,0,no,none,yes,2026/05/Vision-2.png,yes,no,,1,,1,,THUMBNAIL,REJECTED_REGENERABLE
2026/05/Vision-2-768x768.png,Vision-2-768x768.png,.png,385682,image/png,magic,ad67b1d1dffd3cdd5c6490cbf985637b66640527d0ae0920d3807b5ff1f83744,768,768,913,sized_variant,0,no,none,yes,2026/05/Vision-2.png,yes,no,,1,,1,,THUMBNAIL,REJECTED_REGENERABLE
2026/05/Vision-2.png,Vision-2.png,.png,598856,image/png,magic,28f3db9b01ca3f898169f4c0649cc3f8eb7651e98a536569ddc64a01bbbf2f09,1254,1254,913,original,0,yes,path_in_content,yes,,no,no,,1,,1,,ORIGINAL_USED,EXPORTABLE
2026/05/chapelle-familliale-1024x567.png,chapelle-familliale-1024x567.png,.png,428383,image/png,magic,ad6f1e65dba9596a90af0eb416765131e70baf8e26b32e70f12b6329b7107d8f,1024,567,937,sized_variant,0,no,none,yes,2026/05/chapelle-familliale.png,yes,no,,1,,1,,THUMBNAIL,REJECTED_REGENERABLE
2026/05/chapelle-familliale-150x150.png,chapelle-familliale-150x150.png,.png,21246,image/png,magic,52eaea30185489ee72d56570208fdb540a3036dab2286a49a8980949aef2d0c8,150,150,937,sized_variant,0,no,none,yes,2026/05/chapelle-familliale.png,yes,no,,1,,1,,THUMBNAIL,REJECTED_REGENERABLE
2026/05/chapelle-familliale-1536x850.png,chapelle-familliale-1536x850.png,.png,920003,image/png,magic,69de8adc6afef17061b9c250d46502ed8c77cb96bb94a498af5c35b8dae7a850,1536,850,937,sized_variant,0,no,none,yes,2026/05/chapelle-familliale.png,yes,no,,1,,1,,THUMBNAIL,REJECTED_REGENERABLE
2026/05/chapelle-familliale-300x166.png,chapelle-familliale-300x166.png,.png,45187,image/png,magic,a1249d8919daf1153f5fb86cba989087c5008f3d65f95c366f32e27d91372db5,300,166,937,sized_variant,0,no,none,yes,2026/05/chapelle-familliale.png,yes,no,,1,,1,,THUMBNAIL,REJECTED_REGENERABLE
2026/05/chapelle-familliale-768x425.png,chapelle-familliale-768x425.png,.png,253473,image/png,magic,0c7f9665739175459e0bced02ada402b8d1395be70bccee9fd7c75a6f142b3ac,768,425,937,sized_variant,0,no,none,yes,2026/05/chapelle-familliale.png,yes,no,,1,,1,,THUMBNAIL,REJECTED_REGENERABLE
2026/05/chapelle-familliale.png,chapelle-familliale.png,.png,615646,image/png,magic,6e7d15c558ae6549d20bd3cfb1269e0ff2c2c96f4362f9f0df7f5f37ab1d07b0,1686,933,937,original,0,yes,path_in_content,yes,,no,no,,1,,1,,ORIGINAL_USED,EXPORTABLE
2026/05/chapelle-image-150x150.png,chapelle-image-150x150.png,.png,18555,image/png,magic,df41e6d9ade070a0ad4c50b0d1b42b90afd6b34738969808827bededf3f976a7,150,150,958,sized_variant,0,no,none,yes,2026/05/chapelle-image.png,yes,no,,1,,1,,THUMBNAIL,REJECTED_REGENERABLE
2026/05/chapelle-image-240x300.png,chapelle-image-240x300.png,.png,49784,image/png,magic,2532f941be91d8ce361eb1db3b0c22b62a3720f5333c8cf4ec947b29f709d6ca,240,300,958,sized_variant,0,no,none,yes,2026/05/chapelle-image.png,yes,no,,1,,1,,THUMBNAIL,REJECTED_REGENERABLE
2026/05/chapelle-image-768x960.png,chapelle-image-768x960.png,.png,401922,image/png,magic,b93bbb75d00bf3210873ffa8119ba313b43f85f06cbe8cadd11dff982fcd5fa0,768,960,958,sized_variant,0,no,none,yes,2026/05/chapelle-image.png,yes,no,,1,,1,,THUMBNAIL,REJECTED_REGENERABLE
2026/05/chapelle-image-819x1024.png,chapelle-image-819x1024.png,.png,452574,image/png,magic,58a5140cc3584d5ec999310d3926d0eba9eeba28d7fc6307053d1c47c792723f,819,1024,958,sized_variant,0,no,none,yes,2026/05/chapelle-image.png,yes,no,,1,,1,,THUMBNAIL,REJECTED_REGENERABLE
2026/05/chapelle-image.png,chapelle-image.png,.png,443933,image/png,magic,82bfa31a8c62dc17f3b9384e210dbaf65ed15b492ce8b39e1ca909b1ba70e4c3,1122,1402,958,original,0,yes,path_in_content,yes,,no,no,,1,,1,,ORIGINAL_USED,EXPORTABLE
2026/05/communaute-1-1024x1024.png,communaute-1-1024x1024.png,.png,604832,image/png,magic,737fc2739d436834763f97b5bd798d0a8a995f84b1162b76063e5054ddd94f7f,1024,1024,905,sized_variant,0,no,none,yes,2026/05/communaute-1.png,yes,no,,1,,1,,THUMBNAIL,REJECTED_REGENERABLE
2026/05/communaute-1-150x150.png,communaute-1-150x150.png,.png,19442,image/png,magic,19ffebf4ea882c37d029edd9b674d2e1b80d7c764bdc191414658e7f4ac92cdd,150,150,905,sized_variant,0,no,none,yes,2026/05/communaute-1.png,yes,no,,1,,1,,THUMBNAIL,REJECTED_REGENERABLE
2026/05/communaute-1-300x300.png,communaute-1-300x300.png,.png,65173,image/png,magic,e9f6a9463fd526bdae29e504e19c911c63255bf5093e71a7f77916035f1a501a,300,300,905,sized_variant,0,no,none,yes,2026/05/communaute-1.png,yes,no,,1,,1,,THUMBNAIL,REJECTED_REGENERABLE
2026/05/communaute-1-768x768.png,communaute-1-768x768.png,.png,350399,image/png,magic,2701fd30b66ce13cbccdd98e90f0386ccd57f59ed9c97c39f90de814fd09feef,768,768,905,sized_variant,0,no,none,yes,2026/05/communaute-1.png,yes,no,,1,,1,,THUMBNAIL,REJECTED_REGENERABLE
2026/05/communaute-1.png,communaute-1.png,.png,519893,image/png,magic,0cc4e8d700fe4d996cb778c92d45af3e4fdd6a44b2ddc8431d3087c3e7ca0725,1254,1254,905,original,0,yes,path_in_content,yes,,no,no,,1,,1,,ORIGINAL_USED,EXPORTABLE
2026/05/conseil-1024x576.png,conseil-1024x576.png,.png,278662,image/png,magic,6034f970c63e9a459b449813e102c7585080e83616d66b043b3af823cca25c22,1024,576,700,sized_variant,0,no,none,yes,2026/05/conseil.png,yes,no,,1,,1,,THUMBNAIL,REJECTED_REGENERABLE
2026/05/conseil-150x150.png,conseil-150x150.png,.png,16247,image/png,magic,653b479f5d706d32adabbfd5771f00faf301e1818b404345c22191986ab83536,150,150,700,sized_variant,0,no,none,yes,2026/05/conseil.png,yes,no,,1,,1,,THUMBNAIL,REJECTED_REGENERABLE
2026/05/conseil-1536x864.png,conseil-1536x864.png,.png,590336,image/png,magic,59b59658dafcdd23145472463e12a160590ef7f6cc338d53602731af13b04900,1536,864,700,sized_variant,0,no,none,yes,2026/05/conseil.png,yes,no,,1,,1,,THUMBNAIL,REJECTED_REGENERABLE
2026/05/conseil-300x169.png,conseil-300x169.png,.png,30385,image/png,magic,142d2dde262804fc6c3db600349cdf4020ea6417a6c2603497f64e170b4023b3,300,169,700,sized_variant,0,no,none,yes,2026/05/conseil.png,yes,no,,1,,1,,THUMBNAIL,REJECTED_REGENERABLE
2026/05/conseil-768x432.png,conseil-768x432.png,.png,166116,image/png,magic,4827bd0279a8eeae80f3a1d501a0ff121f54b1873089e7a0986dd79cc658708f,768,432,700,sized_variant,0,no,none,yes,2026/05/conseil.png,yes,no,,1,,1,,THUMBNAIL,REJECTED_REGENERABLE
2026/05/conseil.png,conseil.png,.png,389325,image/png,magic,e3132fe5ee2227aceee1b92d49201ff2272702e47a103e77f7b839dfccb20e90,1672,941,700,original,0,yes,path_in_content,yes,,no,no,,1,,1,,ORIGINAL_USED,EXPORTABLE
2026/05/contact-1024x512.png,contact-1024x512.png,.png,215900,image/png,magic,ca612437b88f66714d73a5619fa574407c21f6da211b592596c3be3e126362a2,1024,512,671,sized_variant,0,no,none,yes,2026/05/contact.png,yes,no,,1,,1,,THUMBNAIL,REJECTED_REGENERABLE
2026/05/contact-150x150.png,contact-150x150.png,.png,14890,image/png,magic,e2aec552eba52d1d2ddf4f114b91a45bd460bf31a9425167615f178b85760b30,150,150,671,sized_variant,0,no,none,yes,2026/05/contact.png,yes,no,,1,,1,,THUMBNAIL,REJECTED_REGENERABLE
2026/05/contact-1536x768.png,contact-1536x768.png,.png,491992,image/png,magic,7b899635d2d3eb9d1721dcf485716cf2af5b80bf6a2065862ff53db05b81ccdf,1536,768,671,sized_variant,0,no,none,yes,2026/05/contact.png,yes,no,,1,,1,,THUMBNAIL,REJECTED_REGENERABLE
2026/05/contact-300x150.png,contact-300x150.png,.png,25576,image/png,magic,a2a431d866a516977e8d3e10a0c782bf69aa21880728a66525d48fbd25a79177,300,150,671,sized_variant,0,no,none,yes,2026/05/contact.png,yes,no,,1,,1,,THUMBNAIL,REJECTED_REGENERABLE
2026/05/contact-768x384.png,contact-768x384.png,.png,127789,image/png,magic,8d6b30ce186c5b2ea92a1300e3c34bd67df4db1e8e359f650fb8ea771e3eca84,768,384,671,sized_variant,0,no,none,yes,2026/05/contact.png,yes,no,,1,,1,,THUMBNAIL,REJECTED_REGENERABLE
2026/05/contact.png,contact.png,.png,345571,image/png,magic,9d5f0054adcae5a9cf003c8910283c7211f75bba5c8f99b4ec5f0ce48ef9e810,1774,887,671,original,0,yes,path_in_content,yes,,no,no,,1,,1,,ORIGINAL_USED,EXPORTABLE
2026/05/cropped-Logo-facion-chapelle-1-150x150.png,cropped-Logo-facion-chapelle-1-150x150.png,.png,32015,image/png,magic,36add75108ae0875e055cf9c0c7f28920090e90445b9c188f50b5bca00952b2e,150,150,624,sized_variant,35,yes,attached_to_post:35,yes,2026/05/cropped-Logo-facion-chapelle-1.png,yes,no,36add75108ae0875,2,no,2,,EXACT_DUPLICATE,REJECTED_DEDUP
2026/05/cropped-Logo-facion-chapelle-1-180x180.png,cropped-Logo-facion-chapelle-1-180x180.png,.png,44600,image/png,magic,7790d351e013bdd8b91852646ce026f1ac82cf6c3ee83fa10208d10d85d28c75,180,180,624,sized_variant,35,yes,attached_to_post:35,yes,2026/05/cropped-Logo-facion-chapelle-1.png,yes,no,7790d351e013bdd8,2,no,2,,EXACT_DUPLICATE,REJECTED_DEDUP
2026/05/cropped-Logo-facion-chapelle-1-192x192.png,cropped-Logo-facion-chapelle-1-192x192.png,.png,50151,image/png,magic,fcbf01ff3639fe29157004255126e0cb34a3cebbbfba8f4976587cde97a343b1,192,192,624,sized_variant,35,yes,attached_to_post:35,yes,2026/05/cropped-Logo-facion-chapelle-1.png,yes,no,fcbf01ff3639fe29,2,no,2,,EXACT_DUPLICATE,REJECTED_DEDUP
2026/05/cropped-Logo-facion-chapelle-1-270x270.png,cropped-Logo-facion-chapelle-1-270x270.png,.png,94334,image/png,magic,8e4bafe00510f5a7a7f00b38f0619bdaf3d2346f3ec70f89d1ab5c5fc6a23423,270,270,624,sized_variant,35,yes,attached_to_post:35,yes,2026/05/cropped-Logo-facion-chapelle-1.png,yes,no,8e4bafe00510f5a7,2,no,2,,EXACT_DUPLICATE,REJECTED_DEDUP
2026/05/cropped-Logo-facion-chapelle-1-300x300.png,cropped-Logo-facion-chapelle-1-300x300.png,.png,114777,image/png,magic,77aa098ce89e9fdf5a8fc1ec0f947d0636752ed0a6def8688ce6ced664a317d7,300,300,624,sized_variant,35,yes,attached_to_post:35,yes,2026/05/cropped-Logo-facion-chapelle-1.png,yes,no,77aa098ce89e9fdf,2,no,2,,EXACT_DUPLICATE,REJECTED_DEDUP
2026/05/cropped-Logo-facion-chapelle-1-32x32.png,cropped-Logo-facion-chapelle-1-32x32.png,.png,2255,image/png,magic,7d7705a67f64a79ba68e3141543f239a87fbd8bc46ed3e98fc8048a1823cb6ae,32,32,624,sized_variant,35,yes,attached_to_post:35,yes,2026/05/cropped-Logo-facion-chapelle-1.png,yes,no,7d7705a67f64a79b,2,no,2,,EXACT_DUPLICATE,REJECTED_DEDUP
2026/05/cropped-Logo-facion-chapelle-1.png,cropped-Logo-facion-chapelle-1.png,.png,361069,image/png,magic,ce6f8d90cecdcf2f86a2b85f16d809795e341c9d240445001f68e69899476992,512,512,624,original,35,yes,attached_to_post:35,yes,,no,no,ce6f8d90cecdcf2f,2,no,2,,EXACT_DUPLICATE,REJECTED_DEDUP
2026/05/cropped-Logo-facion-chapelle-150x150.png,cropped-Logo-facion-chapelle-150x150.png,.png,32015,image/png,magic,36add75108ae0875e055cf9c0c7f28920090e90445b9c188f50b5bca00952b2e,150,150,606,sized_variant,35,yes,attached_to_post:35,yes,2026/05/cropped-Logo-facion-chapelle.png,yes,no,36add75108ae0875,2,yes,2,,THUMBNAIL,REJECTED_REGENERABLE
2026/05/cropped-Logo-facion-chapelle-180x180.png,cropped-Logo-facion-chapelle-180x180.png,.png,44600,image/png,magic,7790d351e013bdd8b91852646ce026f1ac82cf6c3ee83fa10208d10d85d28c75,180,180,606,sized_variant,35,yes,attached_to_post:35,yes,2026/05/cropped-Logo-facion-chapelle.png,yes,no,7790d351e013bdd8,2,yes,2,,THUMBNAIL,REJECTED_REGENERABLE
2026/05/cropped-Logo-facion-chapelle-192x192.png,cropped-Logo-facion-chapelle-192x192.png,.png,50151,image/png,magic,fcbf01ff3639fe29157004255126e0cb34a3cebbbfba8f4976587cde97a343b1,192,192,606,sized_variant,35,yes,attached_to_post:35,yes,2026/05/cropped-Logo-facion-chapelle.png,yes,no,fcbf01ff3639fe29,2,yes,2,,THUMBNAIL,REJECTED_REGENERABLE
2026/05/cropped-Logo-facion-chapelle-270x270.png,cropped-Logo-facion-chapelle-270x270.png,.png,94334,image/png,magic,8e4bafe00510f5a7a7f00b38f0619bdaf3d2346f3ec70f89d1ab5c5fc6a23423,270,270,606,sized_variant,35,yes,attached_to_post:35,yes,2026/05/cropped-Logo-facion-chapelle.png,yes,no,8e4bafe00510f5a7,2,yes,2,,THUMBNAIL,REJECTED_REGENERABLE
2026/05/cropped-Logo-facion-chapelle-300x300.png,cropped-Logo-facion-chapelle-300x300.png,.png,114777,image/png,magic,77aa098ce89e9fdf5a8fc1ec0f947d0636752ed0a6def8688ce6ced664a317d7,300,300,606,sized_variant,35,yes,attached_to_post:35,yes,2026/05/cropped-Logo-facion-chapelle.png,yes,no,77aa098ce89e9fdf,2,yes,2,,THUMBNAIL,REJECTED_REGENERABLE
2026/05/cropped-Logo-facion-chapelle-32x32.png,cropped-Logo-facion-chapelle-32x32.png,.png,2255,image/png,magic,7d7705a67f64a79ba68e3141543f239a87fbd8bc46ed3e98fc8048a1823cb6ae,32,32,606,sized_variant,35,yes,attached_to_post:35,yes,2026/05/cropped-Logo-facion-chapelle.png,yes,no,7d7705a67f64a79b,2,yes,2,,THUMBNAIL,REJECTED_REGENERABLE
2026/05/cropped-Logo-facion-chapelle.png,cropped-Logo-facion-chapelle.png,.png,361069,image/png,magic,ce6f8d90cecdcf2f86a2b85f16d809795e341c9d240445001f68e69899476992,512,512,606,original,35,yes,attached_to_post:35,yes,,no,no,ce6f8d90cecdcf2f,2,yes,2,,ORIGINAL_USED,EXPORTABLE
2026/05/devenir-un-agent-de-transformation-dans-sa-communaute-150x150.png,devenir-un-agent-de-transformation-dans-sa-communaute-150x150.png,.png,20049,image/png,magic,2c02f280ea1ca9f2779dbe8531cae51463247eb78040ca30a923525b222e100e,150,150,1446,sized_variant,0,yes,featured_image,yes,2026/05/devenir-un-agent-de-transformation-dans-sa-communaute.png,yes,no,,1,,1,,THUMBNAIL,REJECTED_REGENERABLE
2026/05/devenir-un-agent-de-transformation-dans-sa-communaute-300x300.png,devenir-un-agent-de-transformation-dans-sa-communaute-300x300.png,.png,64793,image/png,magic,e9e287c2350727edcb76e764bb5698ef1de8a44daf24696cf805a75bf6dea4c7,300,300,1446,sized_variant,0,yes,featured_image,yes,2026/05/devenir-un-agent-de-transformation-dans-sa-communaute.png,yes,no,,1,,1,,THUMBNAIL,REJECTED_REGENERABLE
2026/05/devenir-un-agent-de-transformation-dans-sa-communaute-768x768.png,devenir-un-agent-de-transformation-dans-sa-communaute-768x768.png,.png,350334,image/png,magic,62a00bca0812807083440a81479e9e3f21a4da89ec1a4cb810697c7b40ed58e4,768,768,1446,sized_variant,0,yes,featured_image,yes,2026/05/devenir-un-agent-de-transformation-dans-sa-communaute.png,yes,no,,1,,1,,THUMBNAIL,REJECTED_REGENERABLE
2026/05/devenir-un-agent-de-transformation-dans-sa-communaute.png,devenir-un-agent-de-transformation-dans-sa-communaute.png,.png,403554,image/png,magic,918e54f88434827aa40c196df234e5c59f98a4d7b17fa3bbd1c154a84cb15b8c,1024,1024,1446,original,0,yes,path_in_content|featured_image,yes,,no,no,,1,,1,,ORIGINAL_USED,EXPORTABLE
2026/05/donner-1024x510.png,donner-1024x510.png,.png,200171,image/png,magic,233741c9aeb4dc011d50bafc7015cd4ec9b5fa882622281da05b7854e2c25d24,1024,510,675,sized_variant,0,no,none,yes,2026/05/donner.png,yes,no,,1,,1,,THUMBNAIL,REJECTED_REGENERABLE
2026/05/donner-150x150.png,donner-150x150.png,.png,15355,image/png,magic,1b48504e50f8a7db06ef29e365267a6d4098474ea932d9d57c79d6cfd33c317a,150,150,675,sized_variant,0,no,none,yes,2026/05/donner.png,yes,no,,1,,1,,THUMBNAIL,REJECTED_REGENERABLE
2026/05/donner-1536x765.png,donner-1536x765.png,.png,450096,image/png,magic,9edb93b25a9ffbb623c707893f78359cda86b6edfd224bc3651b15a7acfef9c2,1536,765,675,sized_variant,0,no,none,yes,2026/05/donner.png,yes,no,,1,,1,,THUMBNAIL,REJECTED_REGENERABLE
2026/05/donner-300x149.png,donner-300x149.png,.png,25210,image/png,magic,97dcfb149854be7b516bb316b542756d33d116cfb622943cb65e86eff5cbd0de,300,149,675,sized_variant,0,no,none,yes,2026/05/donner.png,yes,no,,1,,1,,THUMBNAIL,REJECTED_REGENERABLE
2026/05/donner-768x382.png,donner-768x382.png,.png,119347,image/png,magic,c85d537c344c3a9c116d71cd743bce35fc67bc409f787fa6d8faae4a2210b4f4,768,382,675,sized_variant,0,no,none,yes,2026/05/donner.png,yes,no,,1,,1,,THUMBNAIL,REJECTED_REGENERABLE
2026/05/donner.png,donner.png,.png,306918,image/png,magic,36366c68f021b693df8c99f72ef323744252bac694c3f1ed1ed71945cd225f5d,1778,885,675,original,0,yes,path_in_content,yes,,no,no,,1,,1,,ORIGINAL_USED,EXPORTABLE
2026/05/e29aa1-vendredi-de-puissance--1024x576.jpg,e29aa1-vendredi-de-puissance--1024x576.jpg,.jpg,112129,image/jpeg,magic,83480e19d5946a4fbcaad97bf309c37f88620c075920859019b29fd4e4204617,1024,576,955,sized_variant,209,yes,attached_to_post:209,yes,2026/05/e29aa1-vendredi-de-puissance-.jpg,yes,no,,1,,1,,THUMBNAIL,REJECTED_REGENERABLE
2026/05/e29aa1-vendredi-de-puissance--150x150.jpg,e29aa1-vendredi-de-puissance--150x150.jpg,.jpg,7702,image/jpeg,magic,aba17ee97bcd84573e7df6d23fc43905336bd8677849e3c54a549e61ca9bb2aa,150,150,955,sized_variant,209,yes,attached_to_post:209,yes,2026/05/e29aa1-vendredi-de-puissance-.jpg,yes,no,,1,,1,,THUMBNAIL,REJECTED_REGENERABLE
2026/05/e29aa1-vendredi-de-puissance--300x169.jpg,e29aa1-vendredi-de-puissance--300x169.jpg,.jpg,15203,image/jpeg,magic,01b706bbf858c34343f2c27541704128e0058eadd42267b151bd00b78269641d,300,169,955,sized_variant,209,yes,attached_to_post:209,yes,2026/05/e29aa1-vendredi-de-puissance-.jpg,yes,no,,1,,1,,THUMBNAIL,REJECTED_REGENERABLE
2026/05/e29aa1-vendredi-de-puissance--768x432.jpg,e29aa1-vendredi-de-puissance--768x432.jpg,.jpg,72616,image/jpeg,magic,1b0da8e2148bad69679f295aa1b5ae84679fac53c11d720bffcfaacfd66de4d3,768,432,955,sized_variant,209,yes,attached_to_post:209,yes,2026/05/e29aa1-vendredi-de-puissance-.jpg,yes,no,,1,,1,,THUMBNAIL,REJECTED_REGENERABLE
2026/05/e29aa1-vendredi-de-puissance-.jpg,e29aa1-vendredi-de-puissance-.jpg,.jpg,237534,image/jpeg,magic,81dfe2893f9d30ad3c48d2400004f024409a260b14a8fa3b1762b4e7c3dbd89d,1280,720,955,original,209,yes,path_in_content|attached_to_post:209,yes,,no,no,,1,,1,,ORIGINAL_USED,EXPORTABLE
2026/05/elites-1024x683.png,elites-1024x683.png,.png,428193,image/png,magic,7bcfdf49e22ce475871a79eed52ae11653f22d520fc7f692a8ad27c14d000dc5,1024,683,943,sized_variant,0,no,none,yes,2026/05/elites.png,yes,no,,1,,1,,THUMBNAIL,REJECTED_REGENERABLE
2026/05/elites-150x150.png,elites-150x150.png,.png,21207,image/png,magic,3f28c6eb0e45afbbb4d5dbb41bce9c4237f9c0d0f518f0f2474f30249b499d8b,150,150,943,sized_variant,0,no,none,yes,2026/05/elites.png,yes,no,,1,,1,,THUMBNAIL,REJECTED_REGENERABLE
2026/05/elites-300x200.png,elites-300x200.png,.png,48608,image/png,magic,bb72c264e465c706071b7edbca945e08d4f1d188a846de7a2892d9cbc107c69f,300,200,943,sized_variant,0,no,none,yes,2026/05/elites.png,yes,no,,1,,1,,THUMBNAIL,REJECTED_REGENERABLE
2026/05/elites-768x512.png,elites-768x512.png,.png,250243,image/png,magic,7368e6aaca0d091843a5ecac179acb11d137e8e4849e05209266201e3a33c84e,768,512,943,sized_variant,0,no,none,yes,2026/05/elites.png,yes,no,,1,,1,,THUMBNAIL,REJECTED_REGENERABLE
2026/05/elites.png,elites.png,.png,548477,image/png,magic,c88bbff85931cbec22e1b3653225ea2cb7db7d509cf8eae8ca5ab8539c86cccd,1536,1024,943,original,0,yes,path_in_content,yes,,no,no,,1,,1,,ORIGINAL_USED,EXPORTABLE
2026/05/event-1024x546.png,event-1024x546.png,.png,266351,image/png,magic,2cf473ea6e6760fcc5d3d336dbb45e0ecb09deb67fdcb3e026e322d628f8bd80,1024,546,663,sized_variant,0,no,none,yes,2026/05/event.png,yes,no,,1,,1,,THUMBNAIL,REJECTED_REGENERABLE
2026/05/event-150x150.png,event-150x150.png,.png,13793,image/png,magic,4c3109cdf0a76387a391341c29042d33a09c915400352c6a1f6cc52cdd528d8e,150,150,663,sized_variant,0,no,none,yes,2026/05/event.png,yes,no,,1,,1,,THUMBNAIL,REJECTED_REGENERABLE
2026/05/event-1536x819.png,event-1536x819.png,.png,565191,image/png,magic,a6da113eb64f70656ad74c4c7b4fcf029ca286af81901789f0a4fd73af86e04e,1536,819,663,sized_variant,0,no,none,yes,2026/05/event.png,yes,no,,1,,1,,THUMBNAIL,REJECTED_REGENERABLE
2026/05/event-300x160.png,event-300x160.png,.png,28826,image/png,magic,9e61182306b7ad2d5afbf29e8ae6e77eea9c8773c1f3ec6e91a91b7fc65f7d05,300,160,663,sized_variant,0,no,none,yes,2026/05/event.png,yes,no,,1,,1,,THUMBNAIL,REJECTED_REGENERABLE
2026/05/event-768x410.png,event-768x410.png,.png,158134,image/png,magic,56569cd6f655be82cd98a8bb510b2aa50d6a42b197eb6cd2ee30456dea488155,768,410,663,sized_variant,0,no,none,yes,2026/05/event.png,yes,no,,1,,1,,THUMBNAIL,REJECTED_REGENERABLE
2026/05/event.png,event.png,.png,349614,image/png,magic,2b51e6ddc0ed9893aa0cfaf2502ef00865ebb2399a8ac72992f2c21f61bde8d0,1717,916,663,original,0,yes,path_in_content,yes,,no,no,,1,,1,,ORIGINAL_USED,EXPORTABLE
2026/05/f09f8caaefb88f-le-souffle-1024x576.jpg,f09f8caaefb88f-le-souffle-1024x576.jpg,.jpg,141124,image/jpeg,magic,70a57f357a1730a0d8f94eabcfbe787a0f6c8705a57eb2cfbc8cd3e2d9a3c55e,1024,576,1256,sized_variant,31,yes,attached_to_post:31,yes,2026/05/f09f8caaefb88f-le-souffle.jpg,yes,no,,1,,1,,THUMBNAIL,REJECTED_REGENERABLE
2026/05/f09f8caaefb88f-le-souffle-150x150.jpg,f09f8caaefb88f-le-souffle-150x150.jpg,.jpg,10052,image/jpeg,magic,5ebde3b2ccf5f177863f139d1d126dc0869b94a1ef984b12b701f1278e7d23c9,150,150,1256,sized_variant,31,yes,attached_to_post:31,yes,2026/05/f09f8caaefb88f-le-souffle.jpg,yes,no,,1,,1,,THUMBNAIL,REJECTED_REGENERABLE
2026/05/f09f8caaefb88f-le-souffle-300x169.jpg,f09f8caaefb88f-le-souffle-300x169.jpg,.jpg,19653,image/jpeg,magic,5ee51fa808a9959cb99f00f8165b4ed6f65b6152c0db25e00291806d47b472f2,300,169,1256,sized_variant,31,yes,attached_to_post:31,yes,2026/05/f09f8caaefb88f-le-souffle.jpg,yes,no,,1,,1,,THUMBNAIL,REJECTED_REGENERABLE
2026/05/f09f8caaefb88f-le-souffle-768x432.jpg,f09f8caaefb88f-le-souffle-768x432.jpg,.jpg,90582,image/jpeg,magic,6a0259de2fa856fc835dc076d7387fb74c42bd25a2abd6abd165a1bc35ed4e6b,768,432,1256,sized_variant,31,yes,attached_to_post:31,yes,2026/05/f09f8caaefb88f-le-souffle.jpg,yes,no,,1,,1,,THUMBNAIL,REJECTED_REGENERABLE
2026/05/f09f8caaefb88f-le-souffle.jpg,f09f8caaefb88f-le-souffle.jpg,.jpg,301310,image/jpeg,magic,2e8d360fba7f168f42d9f1c07239adb4f2fc589e2fc3b4837543897df241f32e,1280,720,1256,original,31,yes,path_in_content|attached_to_post:31,yes,,no,no,,1,,1,,ORIGINAL_USED,EXPORTABLE
2026/05/f09f9191-le-retour-des-fils--1024x576.jpg,f09f9191-le-retour-des-fils--1024x576.jpg,.jpg,108096,image/jpeg,magic,caf48e5ec76a87ebebd3b6184d4e4b10b4ace7ab021773feccebe803e47f0bf9,1024,576,956,sized_variant,209,yes,attached_to_post:209,yes,2026/05/f09f9191-le-retour-des-fils-.jpg,yes,no,,1,,1,,THUMBNAIL,REJECTED_REGENERABLE
2026/05/f09f9191-le-retour-des-fils--150x150.jpg,f09f9191-le-retour-des-fils--150x150.jpg,.jpg,8348,image/jpeg,magic,d16fb6ccd05609a1dddf1c24a0d3aacce774e7992ded4e7a24b08e021964d753,150,150,956,sized_variant,209,yes,attached_to_post:209,yes,2026/05/f09f9191-le-retour-des-fils-.jpg,yes,no,,1,,1,,THUMBNAIL,REJECTED_REGENERABLE
2026/05/f09f9191-le-retour-des-fils--300x169.jpg,f09f9191-le-retour-des-fils--300x169.jpg,.jpg,16075,image/jpeg,magic,8e5073c264148f676041ed39265c3018b2ec8688f8f917215bb4ba0519b4e4d3,300,169,956,sized_variant,209,yes,attached_to_post:209,yes,2026/05/f09f9191-le-retour-des-fils-.jpg,yes,no,,1,,1,,THUMBNAIL,REJECTED_REGENERABLE
2026/05/f09f9191-le-retour-des-fils--768x432.jpg,f09f9191-le-retour-des-fils--768x432.jpg,.jpg,70036,image/jpeg,magic,025835b643f8d85689a1b34913e6526b723389f1871991cc78661e552e22c74a,768,432,956,sized_variant,209,yes,attached_to_post:209,yes,2026/05/f09f9191-le-retour-des-fils-.jpg,yes,no,,1,,1,,THUMBNAIL,REJECTED_REGENERABLE
2026/05/f09f9191-le-retour-des-fils-.jpg,f09f9191-le-retour-des-fils-.jpg,.jpg,238284,image/jpeg,magic,260d4d794570f9cb2331f7b0669d47141eaf3eaabd62443e35fbbe6fde55511f,1280,720,956,original,209,yes,path_in_content|attached_to_post:209,yes,,no,no,,1,,1,,ORIGINAL_USED,EXPORTABLE
2026/05/f09f9191-le-retour-des-herit-1-1024x576.jpg,f09f9191-le-retour-des-herit-1-1024x576.jpg,.jpg,115522,image/jpeg,magic,d444617f10c96e7d9ce83ca4d723920543dd5f18db2eb75c74497a5b7fa22d4e,1024,576,1132,sized_variant,209,yes,attached_to_post:209,yes,2026/05/f09f9191-le-retour-des-herit-1.jpg,yes,no,d444617f10c96e7d,2,no,2,,EXACT_DUPLICATE,REJECTED_DEDUP
2026/05/f09f9191-le-retour-des-herit-1-150x150.jpg,f09f9191-le-retour-des-herit-1-150x150.jpg,.jpg,8561,image/jpeg,magic,5ebfe9ace2358ceb344e6617b9a9859fd8533d24de5cde71f241f35d123bd490,150,150,1132,sized_variant,209,yes,attached_to_post:209,yes,2026/05/f09f9191-le-retour-des-herit-1.jpg,yes,no,5ebfe9ace2358ceb,2,no,2,,EXACT_DUPLICATE,REJECTED_DEDUP
2026/05/f09f9191-le-retour-des-herit-1-300x169.jpg,f09f9191-le-retour-des-herit-1-300x169.jpg,.jpg,17757,image/jpeg,magic,48c1164f5dc4abc1eed8dabad1d0d2e8a9747f1dee21eb8cf34f4de0bf33ad06,300,169,1132,sized_variant,209,yes,attached_to_post:209,yes,2026/05/f09f9191-le-retour-des-herit-1.jpg,yes,no,48c1164f5dc4abc1,2,no,2,,EXACT_DUPLICATE,REJECTED_DEDUP
2026/05/f09f9191-le-retour-des-herit-1-768x432.jpg,f09f9191-le-retour-des-herit-1-768x432.jpg,.jpg,76333,image/jpeg,magic,269cf18a847ad542291f3de3f2b5d1ef67157b68481c3bb14b1fa77a94942ff6,768,432,1132,sized_variant,209,yes,attached_to_post:209,yes,2026/05/f09f9191-le-retour-des-herit-1.jpg,yes,no,269cf18a847ad542,2,no,2,,EXACT_DUPLICATE,REJECTED_DEDUP
2026/05/f09f9191-le-retour-des-herit-1.jpg,f09f9191-le-retour-des-herit-1.jpg,.jpg,238352,image/jpeg,magic,fa13433a7412bc649c159c5002a2bdd190c68c335bf491be002419a4d7869bff,1280,720,1132,original,209,yes,attached_to_post:209,yes,,no,no,fa13433a7412bc64,2,no,2,,EXACT_DUPLICATE,REJECTED_DEDUP
2026/05/f09f9191-le-retour-des-herit-1024x576.jpg,f09f9191-le-retour-des-herit-1024x576.jpg,.jpg,115522,image/jpeg,magic,d444617f10c96e7d9ce83ca4d723920543dd5f18db2eb75c74497a5b7fa22d4e,1024,576,750,sized_variant,31,yes,attached_to_post:31,yes,2026/05/f09f9191-le-retour-des-herit.jpg,yes,no,d444617f10c96e7d,2,yes,2,,THUMBNAIL,REJECTED_REGENERABLE
2026/05/f09f9191-le-retour-des-herit-150x150.jpg,f09f9191-le-retour-des-herit-150x150.jpg,.jpg,8561,image/jpeg,magic,5ebfe9ace2358ceb344e6617b9a9859fd8533d24de5cde71f241f35d123bd490,150,150,750,sized_variant,31,yes,attached_to_post:31,yes,2026/05/f09f9191-le-retour-des-herit.jpg,yes,no,5ebfe9ace2358ceb,2,yes,2,,THUMBNAIL,REJECTED_REGENERABLE
2026/05/f09f9191-le-retour-des-herit-300x169.jpg,f09f9191-le-retour-des-herit-300x169.jpg,.jpg,17757,image/jpeg,magic,48c1164f5dc4abc1eed8dabad1d0d2e8a9747f1dee21eb8cf34f4de0bf33ad06,300,169,750,sized_variant,31,yes,attached_to_post:31,yes,2026/05/f09f9191-le-retour-des-herit.jpg,yes,no,48c1164f5dc4abc1,2,yes,2,,THUMBNAIL,REJECTED_REGENERABLE
2026/05/f09f9191-le-retour-des-herit-768x432.jpg,f09f9191-le-retour-des-herit-768x432.jpg,.jpg,76333,image/jpeg,magic,269cf18a847ad542291f3de3f2b5d1ef67157b68481c3bb14b1fa77a94942ff6,768,432,750,sized_variant,31,yes,attached_to_post:31,yes,2026/05/f09f9191-le-retour-des-herit.jpg,yes,no,269cf18a847ad542,2,yes,2,,THUMBNAIL,REJECTED_REGENERABLE
2026/05/f09f9191-le-retour-des-herit.jpg,f09f9191-le-retour-des-herit.jpg,.jpg,238352,image/jpeg,magic,fa13433a7412bc649c159c5002a2bdd190c68c335bf491be002419a4d7869bff,1280,720,750,original,31,yes,attached_to_post:31,yes,,no,no,fa13433a7412bc64,2,yes,2,,ORIGINAL_USED,EXPORTABLE
2026/05/f09f9191-le-temps-de-la-recu-1024x576.jpg,f09f9191-le-temps-de-la-recu-1024x576.jpg,.jpg,111252,image/jpeg,magic,140da4a74aaaa7a6616c38e478501a0ce4500c57aeedb6f989e6ed25c0e4abf9,1024,576,953,sized_variant,209,yes,attached_to_post:209,yes,2026/05/f09f9191-le-temps-de-la-recu.jpg,yes,no,,1,,1,,THUMBNAIL,REJECTED_REGENERABLE
2026/05/f09f9191-le-temps-de-la-recu-150x150.jpg,f09f9191-le-temps-de-la-recu-150x150.jpg,.jpg,8928,image/jpeg,magic,1cf76551fa0a2458052199f4a0e7d0554b1d8f36cfba404a38dddd6629770cfc,150,150,953,sized_variant,209,yes,attached_to_post:209,yes,2026/05/f09f9191-le-temps-de-la-recu.jpg,yes,no,,1,,1,,THUMBNAIL,REJECTED_REGENERABLE
2026/05/f09f9191-le-temps-de-la-recu-300x169.jpg,f09f9191-le-temps-de-la-recu-300x169.jpg,.jpg,17866,image/jpeg,magic,27d054b85b5c960432595f6fd1c7104df0736f1b1defb1f0c7d3d13e6212fd6f,300,169,953,sized_variant,209,yes,attached_to_post:209,yes,2026/05/f09f9191-le-temps-de-la-recu.jpg,yes,no,,1,,1,,THUMBNAIL,REJECTED_REGENERABLE
2026/05/f09f9191-le-temps-de-la-recu-768x432.jpg,f09f9191-le-temps-de-la-recu-768x432.jpg,.jpg,73482,image/jpeg,magic,41aad51d715dc12cba64ebf534b44fbc498817962392223a9d40a2161fdd8c40,768,432,953,sized_variant,209,yes,attached_to_post:209,yes,2026/05/f09f9191-le-temps-de-la-recu.jpg,yes,no,,1,,1,,THUMBNAIL,REJECTED_REGENERABLE
2026/05/f09f9191-le-temps-de-la-recu.jpg,f09f9191-le-temps-de-la-recu.jpg,.jpg,230089,image/jpeg,magic,9ea11cb56e9b847b37230c3187ba9097d84026aa6818a21bceebdde042e0ca76,1280,720,953,original,209,yes,path_in_content|attached_to_post:209,yes,,no,no,,1,,1,,ORIGINAL_USED,EXPORTABLE
2026/05/f09f94a5-pourquoi-vis-tu-com-1024x576.jpg,f09f94a5-pourquoi-vis-tu-com-1024x576.jpg,.jpg,103141,image/jpeg,magic,ae5be1e292ba1dd4d72c270622fb51f477d2434b6d8f8ffa63b3072f6bd6caf9,1024,576,954,sized_variant,209,yes,attached_to_post:209,yes,2026/05/f09f94a5-pourquoi-vis-tu-com.jpg,yes,no,,1,,1,,THUMBNAIL,REJECTED_REGENERABLE
2026/05/f09f94a5-pourquoi-vis-tu-com-150x150.jpg,f09f94a5-pourquoi-vis-tu-com-150x150.jpg,.jpg,8405,image/jpeg,magic,ea598b6cbaf1b2b359a389e033bf752cd9ba8c50e730a8bce07add9ba554a7bf,150,150,954,sized_variant,209,yes,attached_to_post:209,yes,2026/05/f09f94a5-pourquoi-vis-tu-com.jpg,yes,no,,1,,1,,THUMBNAIL,REJECTED_REGENERABLE
2026/05/f09f94a5-pourquoi-vis-tu-com-300x169.jpg,f09f94a5-pourquoi-vis-tu-com-300x169.jpg,.jpg,16692,image/jpeg,magic,02b82941cb68541ada2f0bb5c1129a427c99be9d85eba18edd0267748b98b1ee,300,169,954,sized_variant,209,yes,attached_to_post:209,yes,2026/05/f09f94a5-pourquoi-vis-tu-com.jpg,yes,no,,1,,1,,THUMBNAIL,REJECTED_REGENERABLE
2026/05/f09f94a5-pourquoi-vis-tu-com-768x432.jpg,f09f94a5-pourquoi-vis-tu-com-768x432.jpg,.jpg,68139,image/jpeg,magic,667a6eb86b92b1cc3433eaefcda477f7f91cae6cdc616b345eaab956acf94b01,768,432,954,sized_variant,209,yes,attached_to_post:209,yes,2026/05/f09f94a5-pourquoi-vis-tu-com.jpg,yes,no,,1,,1,,THUMBNAIL,REJECTED_REGENERABLE
2026/05/f09f94a5-pourquoi-vis-tu-com.jpg,f09f94a5-pourquoi-vis-tu-com.jpg,.jpg,215526,image/jpeg,magic,96d27f8bd1f3a40aec476277524baf4ba573bc1c5fdf5821f6833b6e41d19c92,1280,720,954,original,209,yes,path_in_content|attached_to_post:209,yes,,no,no,,1,,1,,ORIGINAL_USED,EXPORTABLE
2026/05/form-1024x512.png,form-1024x512.png,.png,281239,image/png,magic,b326dcf9a7c83d3ded8c74cfe3a86387d68c1755347ed5644f8eb2e3de590381,1024,512,690,sized_variant,0,no,none,yes,2026/05/form.png,yes,no,,1,,1,,THUMBNAIL,REJECTED_REGENERABLE
2026/05/form-150x150.png,form-150x150.png,.png,17257,image/png,magic,54353d04aac3e44ed786f4f2951398a8bd9c4af440b364fb962a60469597dbe5,150,150,690,sized_variant,0,no,none,yes,2026/05/form.png,yes,no,,1,,1,,THUMBNAIL,REJECTED_REGENERABLE
2026/05/form-1536x768.png,form-1536x768.png,.png,611294,image/png,magic,9e4787ce81bd8ad5ebd2d98f8a225190093596a9e2b52da8812ae6af9e629a8d,1536,768,690,sized_variant,0,no,none,yes,2026/05/form.png,yes,no,,1,,1,,THUMBNAIL,REJECTED_REGENERABLE
2026/05/form-300x150.png,form-300x150.png,.png,31987,image/png,magic,040e3b00264eb44d2fe0ff215e847cbd79997aa7be616727a2064cbd88d0e471,300,150,690,sized_variant,0,no,none,yes,2026/05/form.png,yes,no,,1,,1,,THUMBNAIL,REJECTED_REGENERABLE
2026/05/form-768x384.png,form-768x384.png,.png,168227,image/png,magic,01a6c065125efe787a2f1d28e11c0799511ff51b21e98a190557f6f736c65b69,768,384,690,sized_variant,0,no,none,yes,2026/05/form.png,yes,no,,1,,1,,THUMBNAIL,REJECTED_REGENERABLE
2026/05/form.png,form.png,.png,410238,image/png,magic,808717dc99045345e4fcc9c86f35dc0e64f4d2e1430158d758742e0facc4703d,1774,887,690,original,0,no,none,yes,,no,no,,1,,1,,ORIGINAL_UNUSED,EXPORTABLE
2026/05/formation-1-150x150.png,formation-1-150x150.png,.png,19143,image/png,magic,831c45df61f815a953e076acc0e02cf66209058e40cbea81265e36158524bcdb,150,150,960,sized_variant,0,no,none,yes,2026/05/formation-1.png,yes,no,,1,,1,,THUMBNAIL,REJECTED_REGENERABLE
2026/05/formation-1-240x300.png,formation-1-240x300.png,.png,52624,image/png,magic,2b3905492f8f6f71e06e0639544b4ee73003ca37aaf63c88933736693ec8cc25,240,300,960,sized_variant,0,no,none,yes,2026/05/formation-1.png,yes,no,,1,,1,,THUMBNAIL,REJECTED_REGENERABLE
2026/05/formation-1-768x960.png,formation-1-768x960.png,.png,408614,image/png,magic,afbab551d6fceaba62488b7f7c47b53dd65c40e0566181c5b1c57ccc3b5a9227,768,960,960,sized_variant,0,no,none,yes,2026/05/formation-1.png,yes,no,,1,,1,,THUMBNAIL,REJECTED_REGENERABLE
2026/05/formation-1-819x1024.png,formation-1-819x1024.png,.png,462292,image/png,magic,1484209de17555e6a081ff67d873f05e58ea393ab1617c7c119d447845b1d5d7,819,1024,960,sized_variant,0,no,none,yes,2026/05/formation-1.png,yes,no,,1,,1,,THUMBNAIL,REJECTED_REGENERABLE
2026/05/formation-1.png,formation-1.png,.png,486221,image/png,magic,729b4e2f2ab6fe9075af8a59e317c1da597b99b8f04cd0c9079e57de167fbc86,1122,1402,960,original,0,yes,path_in_content,yes,,no,no,,1,,1,,ORIGINAL_USED,EXPORTABLE
2026/05/formation-cours-1024x546.png,formation-cours-1024x546.png,.png,355719,image/png,magic,34fffdf6bf0bf8520816d3f91a1514cea083153a98694acae8487b87dca5592a,1024,546,886,sized_variant,0,no,none,yes,2026/05/formation-cours.png,yes,no,,1,,1,,THUMBNAIL,REJECTED_REGENERABLE
2026/05/formation-cours-150x150.png,formation-cours-150x150.png,.png,20150,image/png,magic,24af1f868abdccd585776a3a4e5375104d9b5d87fd12f62ce23bf7bd16a26e09,150,150,886,sized_variant,0,no,none,yes,2026/05/formation-cours.png,yes,no,,1,,1,,THUMBNAIL,REJECTED_REGENERABLE
2026/05/formation-cours-1536x819.png,formation-cours-1536x819.png,.png,783088,image/png,magic,463e4feb04e5b5a4cea8be13e421b5009a7fe68c170010fa1cb64fc922cd02c2,1536,819,886,sized_variant,0,no,none,yes,2026/05/formation-cours.png,yes,no,,1,,1,,THUMBNAIL,REJECTED_REGENERABLE
2026/05/formation-cours-300x160.png,formation-cours-300x160.png,.png,39871,image/png,magic,9f3e1b65221a1e4aaed0d01a5b05b7457bf9c77c3ddede5838eae350ecc7436c,300,160,886,sized_variant,0,no,none,yes,2026/05/formation-cours.png,yes,no,,1,,1,,THUMBNAIL,REJECTED_REGENERABLE
2026/05/formation-cours-768x410.png,formation-cours-768x410.png,.png,209398,image/png,magic,fb9178168d8b1b46f5f6095b49d3f2c56f090543e96c2cb5c959a8e3684bbf8f,768,410,886,sized_variant,0,no,none,yes,2026/05/formation-cours.png,yes,no,,1,,1,,THUMBNAIL,REJECTED_REGENERABLE
2026/05/formation-cours.png,formation-cours.png,.png,546748,image/png,magic,f0ccd6521df9a362c8e280f5e98ef9f370a48c82246e7f2c213008f8e0d63225,1717,916,886,original,0,no,none,yes,,no,no,,1,,1,,ORIGINAL_UNUSED,EXPORTABLE
2026/05/jeunesse-1024x546.png,jeunesse-1024x546.png,.png,328976,image/png,magic,eeb9745e7cedd529cd2d8f5af5a982fe696f090e1155264b89b28df1d06c77a5,1024,546,944,sized_variant,0,no,none,yes,2026/05/jeunesse.png,yes,no,,1,,1,,THUMBNAIL,REJECTED_REGENERABLE
2026/05/jeunesse-150x150.png,jeunesse-150x150.png,.png,19873,image/png,magic,b88d44d56b6fc904b5d08051eb2641fa5f1739c87141b457b96c0a8943a68fbe,150,150,944,sized_variant,0,no,none,yes,2026/05/jeunesse.png,yes,no,,1,,1,,THUMBNAIL,REJECTED_REGENERABLE
2026/05/jeunesse-1536x819.png,jeunesse-1536x819.png,.png,726897,image/png,magic,5c04eaab586bc6709b7d9e7c46a6cdf59f066af6b185fe04d2543b94eaa61d2f,1536,819,944,sized_variant,0,no,none,yes,2026/05/jeunesse.png,yes,no,,1,,1,,THUMBNAIL,REJECTED_REGENERABLE
2026/05/jeunesse-300x160.png,jeunesse-300x160.png,.png,39623,image/png,magic,2b09be03d401f51435a360bb0d02aa4c753318e0133a273f5dec92f6ae1d9ba5,300,160,944,sized_variant,0,no,none,yes,2026/05/jeunesse.png,yes,no,,1,,1,,THUMBNAIL,REJECTED_REGENERABLE
2026/05/jeunesse-768x410.png,jeunesse-768x410.png,.png,197479,image/png,magic,7651692502a140641de4dbc8f1bb81b452e4a365fb04ae82825bc08c88fab8a6,768,410,944,sized_variant,0,no,none,yes,2026/05/jeunesse.png,yes,no,,1,,1,,THUMBNAIL,REJECTED_REGENERABLE
2026/05/jeunesse.png,jeunesse.png,.png,567702,image/png,magic,1d24afc141be41064867d338439159103f2a7a3a2edeb7e1f70c25acfba98b68,1717,916,944,original,0,yes,path_in_content,yes,,no,no,,1,,1,,ORIGINAL_USED,EXPORTABLE
2026/05/kephale-1024x576.png,kephale-1024x576.png,.png,276817,image/png,magic,43a2ee75fd24c1ae2f940be8ddddd85de25afaa8a83776ae821958aece0697d5,1024,576,701,sized_variant,0,no,none,yes,2026/05/kephale.png,yes,no,,1,,1,,THUMBNAIL,REJECTED_REGENERABLE
2026/05/kephale-150x150.png,kephale-150x150.png,.png,15581,image/png,magic,1622355decad9adcdc7d1d6767fc6254dd6968f4964241b537a69bbfa724d67f,150,150,701,sized_variant,0,no,none,yes,2026/05/kephale.png,yes,no,,1,,1,,THUMBNAIL,REJECTED_REGENERABLE
2026/05/kephale-1536x864.png,kephale-1536x864.png,.png,598679,image/png,magic,966aa4c9f5c1b38824c498fbfb9dbeb7d2102282d31feec7ef167e380e34c11b,1536,864,701,sized_variant,0,no,none,yes,2026/05/kephale.png,yes,no,,1,,1,,THUMBNAIL,REJECTED_REGENERABLE
2026/05/kephale-300x169.png,kephale-300x169.png,.png,31447,image/png,magic,0d3c2709c54be930385f4bdefb7d34ee110c39c30ab09e31899be542f89afdbd,300,169,701,sized_variant,0,no,none,yes,2026/05/kephale.png,yes,no,,1,,1,,THUMBNAIL,REJECTED_REGENERABLE
2026/05/kephale-768x432.png,kephale-768x432.png,.png,163586,image/png,magic,9451e235a2601b46b7fd2968c5871c12b13837e3558ef91afc4a3281c5e32cdf,768,432,701,sized_variant,0,no,none,yes,2026/05/kephale.png,yes,no,,1,,1,,THUMBNAIL,REJECTED_REGENERABLE
2026/05/kephale.png,kephale.png,.png,401638,image/png,magic,12a62ca00ac9be32af7cd6c44a311037746976e1121869e3bed30a5bc9e4758e,1672,941,701,original,0,yes,path_in_content,yes,,no,no,,1,,1,,ORIGINAL_USED,EXPORTABLE
2026/05/live-1024x576.png,live-1024x576.png,.png,419193,image/png,magic,175dc28676679de184933d373f93b5f8eef896444b3bb8796fa8ed7fdf3269d0,1024,576,949,sized_variant,0,no,none,yes,2026/05/live.png,yes,no,,1,,1,,THUMBNAIL,REJECTED_REGENERABLE
2026/05/live-150x150.png,live-150x150.png,.png,20995,image/png,magic,11bacd9e7949bd64bdf5cddcb55d56369ff344020fe1dc88d464b725e8a1f9d2,150,150,949,sized_variant,0,no,none,yes,2026/05/live.png,yes,no,,1,,1,,THUMBNAIL,REJECTED_REGENERABLE
2026/05/live-1536x864.png,live-1536x864.png,.png,892986,image/png,magic,d50e1e54f5a424e36274edd85cec4681d87bd459026a72120da5ca75a3b0451f,1536,864,949,sized_variant,0,no,none,yes,2026/05/live.png,yes,no,,1,,1,,THUMBNAIL,REJECTED_REGENERABLE
2026/05/live-300x169.png,live-300x169.png,.png,45218,image/png,magic,6b424563ae12cd4e0b3d6935ea809c9b93772dcac9e901fd16eb943711d473f9,300,169,949,sized_variant,0,no,none,yes,2026/05/live.png,yes,no,,1,,1,,THUMBNAIL,REJECTED_REGENERABLE
2026/05/live-768x432.png,live-768x432.png,.png,246701,image/png,magic,0254f3044b75132b51bb18f42276c08d1bc3825706f19d698216ebab0856caf8,768,432,949,sized_variant,0,no,none,yes,2026/05/live.png,yes,no,,1,,1,,THUMBNAIL,REJECTED_REGENERABLE
2026/05/live.png,live.png,.png,748986,image/png,magic,2d65ff65c3b51b27bd73b4d218cd1418e103c3e195ce4243f7aea01a490b9402,1672,940,949,original,0,yes,path_in_content,yes,,no,no,,1,,1,,ORIGINAL_USED,EXPORTABLE
2026/05/mahanaim-1024x512.png,mahanaim-1024x512.png,.png,373654,image/png,magic,b0c06942cc87c6b352ac913f1a7419ec4fc58033c43e2fa860c23bcfc6cc358b,1024,512,941,sized_variant,0,no,none,yes,2026/05/mahanaim.png,yes,no,,1,,1,,THUMBNAIL,REJECTED_REGENERABLE
2026/05/mahanaim-150x150.png,mahanaim-150x150.png,.png,21270,image/png,magic,1ce578337ed6dbbcadefb32b36bda659788a2719ad56afeb33172d4cf0127f13,150,150,941,sized_variant,0,no,none,yes,2026/05/mahanaim.png,yes,no,,1,,1,,THUMBNAIL,REJECTED_REGENERABLE
2026/05/mahanaim-1536x768.png,mahanaim-1536x768.png,.png,797851,image/png,magic,e14e31fdd708d8c0e8ab8f583428cc2b1521eaa46458b84585a90d3af78442ec,1536,768,941,sized_variant,0,no,none,yes,2026/05/mahanaim.png,yes,no,,1,,1,,THUMBNAIL,REJECTED_REGENERABLE
2026/05/mahanaim-300x150.png,mahanaim-300x150.png,.png,40341,image/png,magic,e868f01ac2646d5ddde11db09df7d07af9419e6936ec5f6c2b4b91b046f5b331,300,150,941,sized_variant,0,no,none,yes,2026/05/mahanaim.png,yes,no,,1,,1,,THUMBNAIL,REJECTED_REGENERABLE
2026/05/mahanaim-768x384.png,mahanaim-768x384.png,.png,220022,image/png,magic,95b7902f36a54a9f1dcf6fd2372d687c3ba23350db6e8f06027817b3f05a50a4,768,384,941,sized_variant,0,no,none,yes,2026/05/mahanaim.png,yes,no,,1,,1,,THUMBNAIL,REJECTED_REGENERABLE
2026/05/mahanaim.png,mahanaim.png,.png,695092,image/png,magic,2f512471b02a3bb561370f0481ff701d42edd4c35bf1aa5b2de4e55fa38f73af,1774,887,941,original,0,yes,path_in_content,yes,,no,no,,1,,1,,ORIGINAL_USED,EXPORTABLE
2026/05/maskable_icon-1-1024x1024.png,maskable_icon-1-1024x1024.png,.png,300454,image/png,magic,382e75c1edcff724fd989b215b5e8e8ffc543f5370df2143750d38b0c29d71b2,1024,1024,1090,sized_variant,0,no,none,yes,2026/05/maskable_icon-1.png,yes,no,,1,,1,,THUMBNAIL,REJECTED_REGENERABLE
2026/05/maskable_icon-1-150x150.png,maskable_icon-1-150x150.png,.png,11542,image/png,magic,13f71c8ccde323da47473ab5fde24358b164713ddcdaed930d724212d09c73f3,150,150,1090,sized_variant,0,no,none,yes,2026/05/maskable_icon-1.png,yes,no,,1,,1,,THUMBNAIL,REJECTED_REGENERABLE
2026/05/maskable_icon-1-300x300.png,maskable_icon-1-300x300.png,.png,33859,image/png,magic,f3495d23df6277def73be5a045237464110fc9b0af4e740543595ba3e197f29e,300,300,1090,sized_variant,0,no,none,yes,2026/05/maskable_icon-1.png,yes,no,,1,,1,,THUMBNAIL,REJECTED_REGENERABLE
2026/05/maskable_icon-1-768x768.png,maskable_icon-1-768x768.png,.png,172458,image/png,magic,233e5ee029686479b1adc22033f0d88fab2074fcff970ccb8e32673a7d403ad2,768,768,1090,sized_variant,0,no,none,yes,2026/05/maskable_icon-1.png,yes,no,,1,,1,,THUMBNAIL,REJECTED_REGENERABLE
2026/05/maskable_icon-1.png,maskable_icon-1.png,.png,1001386,image/png,magic,3f628b751a83ef2bddcc79ace85ded2486a8988b3255a704e2c93861c40bd24a,1536,1536,1090,original,0,no,none,yes,,no,no,,1,,1,,ORIGINAL_UNUSED,EXPORTABLE
2026/05/maskable_icon_x384-150x150.png,maskable_icon_x384-150x150.png,.png,11647,image/png,magic,ef98050a2538ba283c41262c364751cc61ab061d7722d83c1a90256f3e9fceea,150,150,1091,sized_variant,0,no,none,yes,2026/05/maskable_icon_x384.png,yes,no,,1,,1,,THUMBNAIL,REJECTED_REGENERABLE
2026/05/maskable_icon_x384-300x300.png,maskable_icon_x384-300x300.png,.png,34744,image/png,magic,a498ea8a036f29782abda52a60861f140095adba42ba343c781164d09e2798b2,300,300,1091,sized_variant,0,no,none,yes,2026/05/maskable_icon_x384.png,yes,no,,1,,1,,THUMBNAIL,REJECTED_REGENERABLE
2026/05/maskable_icon_x384.png,maskable_icon_x384.png,.png,70241,image/png,magic,bcf04d77261a88f08a7860708687432dc0f0e045ae301d4c1bf1a27c8f1f6431,384,384,1091,original,0,no,none,yes,,no,no,,1,,1,,ORIGINAL_UNUSED,EXPORTABLE
2026/05/maskable_icon_x512-150x150.png,maskable_icon_x512-150x150.png,.png,11644,image/png,magic,ee38e13664017c2a393c31d9505fc66d5dfc34baa0db49e71e02046819375da5,150,150,1092,sized_variant,0,no,none,yes,2026/05/maskable_icon_x512.png,yes,no,,1,,1,,THUMBNAIL,REJECTED_REGENERABLE
2026/05/maskable_icon_x512-300x300.png,maskable_icon_x512-300x300.png,.png,34661,image/png,magic,1d249c0362284ff473cb7211734ca0c0228ec67fb6b2c52d8bb7db127b7e5304,300,300,1092,sized_variant,0,no,none,yes,2026/05/maskable_icon_x512.png,yes,no,,1,,1,,THUMBNAIL,REJECTED_REGENERABLE
2026/05/maskable_icon_x512.png,maskable_icon_x512.png,.png,118958,image/png,magic,99819eaddb0339171d78d6d169a56ee5eccb9e1eb183fe2e183c112ee0c2e58b,512,512,1092,original,0,no,none,yes,,no,no,,1,,1,,ORIGINAL_UNUSED,EXPORTABLE
2026/05/mon-profil-1024x546.png,mon-profil-1024x546.png,.png,348395,image/png,magic,d5199bbeb5c30b5c89de3a92ff6912c14841053cb1319170b8b52da536268869,1024,546,900,sized_variant,0,no,none,yes,2026/05/mon-profil.png,yes,no,,1,,1,,THUMBNAIL,REJECTED_REGENERABLE
2026/05/mon-profil-150x150.png,mon-profil-150x150.png,.png,17964,image/png,magic,afb86685bb427185456f85141fd481f7184fd846c7316e9c916061b93ea47e2d,150,150,900,sized_variant,0,no,none,yes,2026/05/mon-profil.png,yes,no,,1,,1,,THUMBNAIL,REJECTED_REGENERABLE
2026/05/mon-profil-1536x819.png,mon-profil-1536x819.png,.png,762813,image/png,magic,716e41822c5bba3840b49919edc7e4ce0bf0299e66d5ea73de71f0dbe2f0a55f,1536,819,900,sized_variant,0,no,none,yes,2026/05/mon-profil.png,yes,no,,1,,1,,THUMBNAIL,REJECTED_REGENERABLE
2026/05/mon-profil-300x160.png,mon-profil-300x160.png,.png,39200,image/png,magic,df546773de1148c6a1f67203d2f1b05521ef075b24a81bdf0fa8120f19bb8c83,300,160,900,sized_variant,0,no,none,yes,2026/05/mon-profil.png,yes,no,,1,,1,,THUMBNAIL,REJECTED_REGENERABLE
2026/05/mon-profil-768x410.png,mon-profil-768x410.png,.png,207162,image/png,magic,00d3c03970a7b29bc362735a3728c914fda9f1e323472522777110bdb88bb5ef,768,410,900,sized_variant,0,no,none,yes,2026/05/mon-profil.png,yes,no,,1,,1,,THUMBNAIL,REJECTED_REGENERABLE
2026/05/mon-profil.png,mon-profil.png,.png,553435,image/png,magic,2584c73e22b5ceee2095b5c572b4319be03ffca35a0b919447d4f28a96d304ac,1717,916,900,original,0,yes,path_in_content,yes,,no,no,,1,,1,,ORIGINAL_USED,EXPORTABLE
2026/05/ouragan-1-1024x768.png,ouragan-1-1024x768.png,.png,471457,image/png,magic,bd517969ad14a1cf9659a2c1b01f898d55ef56bae2735e7547f8ed53a5a93bc3,1024,768,965,sized_variant,0,no,none,yes,2026/05/ouragan-1.png,yes,no,bd517969ad14a1cf,2,no,2,,EXACT_DUPLICATE,REJECTED_DEDUP
2026/05/ouragan-1-150x150.png,ouragan-1-150x150.png,.png,19798,image/png,magic,abb54b8d34637c9ed9e0cf1ceec14ca4d126d1bbd4dc14e51b1cfda4d68b36d0,150,150,965,sized_variant,0,no,none,yes,2026/05/ouragan-1.png,yes,no,abb54b8d34637c9e,2,no,2,,EXACT_DUPLICATE,REJECTED_DEDUP
2026/05/ouragan-1-300x225.png,ouragan-1-300x225.png,.png,53078,image/png,magic,a2f4903ea304194471fce869022e59bdcb32dc48f6327b1ada8cd216671ed5bb,300,225,965,sized_variant,0,no,none,yes,2026/05/ouragan-1.png,yes,no,a2f4903ea3041944,2,no,2,,EXACT_DUPLICATE,REJECTED_DEDUP
2026/05/ouragan-1-768x576.png,ouragan-1-768x576.png,.png,279447,image/png,magic,46638fc3d76e22ed298be440f46688f8adc7a567c52e697c70e12f2462fe8c42,768,576,965,sized_variant,0,no,none,yes,2026/05/ouragan-1.png,yes,no,46638fc3d76e22ed,2,no,2,,EXACT_DUPLICATE,REJECTED_DEDUP
2026/05/ouragan-1.png,ouragan-1.png,.png,645751,image/png,magic,d7f894c3cc4224efc24ef795bee78973dac0f09428895a1f1856fb606eebaba1,1448,1086,965,original,0,yes,path_in_content,yes,,no,no,d7f894c3cc4224ef,2,yes,2,,ORIGINAL_USED,EXPORTABLE
2026/05/ouragan-1024x768.png,ouragan-1024x768.png,.png,471457,image/png,magic,bd517969ad14a1cf9659a2c1b01f898d55ef56bae2735e7547f8ed53a5a93bc3,1024,768,964,sized_variant,0,no,none,yes,2026/05/ouragan.png,yes,no,bd517969ad14a1cf,2,yes,2,,THUMBNAIL,REJECTED_REGENERABLE
2026/05/ouragan-150x150.png,ouragan-150x150.png,.png,19798,image/png,magic,abb54b8d34637c9ed9e0cf1ceec14ca4d126d1bbd4dc14e51b1cfda4d68b36d0,150,150,964,sized_variant,0,no,none,yes,2026/05/ouragan.png,yes,no,abb54b8d34637c9e,2,yes,2,,THUMBNAIL,REJECTED_REGENERABLE
2026/05/ouragan-300x225.png,ouragan-300x225.png,.png,53078,image/png,magic,a2f4903ea304194471fce869022e59bdcb32dc48f6327b1ada8cd216671ed5bb,300,225,964,sized_variant,0,no,none,yes,2026/05/ouragan.png,yes,no,a2f4903ea3041944,2,yes,2,,THUMBNAIL,REJECTED_REGENERABLE
2026/05/ouragan-768x576.png,ouragan-768x576.png,.png,279447,image/png,magic,46638fc3d76e22ed298be440f46688f8adc7a567c52e697c70e12f2462fe8c42,768,576,964,sized_variant,0,no,none,yes,2026/05/ouragan.png,yes,no,46638fc3d76e22ed,2,yes,2,,THUMBNAIL,REJECTED_REGENERABLE
2026/05/ouragan.png,ouragan.png,.png,645751,image/png,magic,d7f894c3cc4224efc24ef795bee78973dac0f09428895a1f1856fb606eebaba1,1448,1086,964,original,0,no,none,yes,,no,no,d7f894c3cc4224ef,2,no,2,,EXACT_DUPLICATE,REJECTED_DEDUP
2026/05/plateforme-1024x683.png,plateforme-1024x683.png,.png,488646,image/png,magic,4a21770024495385ec3ff5eec9d28c29b755252a7741d7e1de89d444d17efba9,1024,683,930,sized_variant,0,yes,featured_image,yes,2026/05/plateforme.png,yes,no,,1,,1,,THUMBNAIL,REJECTED_REGENERABLE
2026/05/plateforme-150x150.png,plateforme-150x150.png,.png,21892,image/png,magic,159f2f11c662ba5dc896533f0a48e20efe93ece459aeb6a68bca0f7decb3b7af,150,150,930,sized_variant,0,yes,featured_image,yes,2026/05/plateforme.png,yes,no,,1,,1,,THUMBNAIL,REJECTED_REGENERABLE
2026/05/plateforme-300x200.png,plateforme-300x200.png,.png,53063,image/png,magic,3dc35567ddf719d2831aa5cf0072b1595c12af354e42f6642b64ea4e9bf8e99a,300,200,930,sized_variant,0,yes,featured_image,yes,2026/05/plateforme.png,yes,no,,1,,1,,THUMBNAIL,REJECTED_REGENERABLE
2026/05/plateforme-768x512.png,plateforme-768x512.png,.png,285443,image/png,magic,579a9630911d536394eb0e0f96f7a7b6040e83a9eb82c630e7d99eeca712a4df,768,512,930,sized_variant,0,yes,featured_image,yes,2026/05/plateforme.png,yes,no,,1,,1,,THUMBNAIL,REJECTED_REGENERABLE
2026/05/plateforme.png,plateforme.png,.png,679167,image/png,magic,fe5718b405beeec9ccd810f5ff79a234165d29d01942df9d8585352f515d4823,1536,1024,930,original,0,yes,path_in_content|featured_image,yes,,no,no,,1,,1,,ORIGINAL_USED,EXPORTABLE
2026/05/refuge-1024x683.png,refuge-1024x683.png,.png,472946,image/png,magic,b4254315780dd5a1fd293ebc9f746009ef7c0f4ab13b769af27332307b47392b,1024,683,942,sized_variant,0,no,none,yes,2026/05/refuge.png,yes,no,,1,,1,,THUMBNAIL,REJECTED_REGENERABLE
2026/05/refuge-150x150.png,refuge-150x150.png,.png,21243,image/png,magic,d3f15cb4b32d7576a609684a958b2e907b678c3d975ab25dd2f873c0548f1522,150,150,942,sized_variant,0,no,none,yes,2026/05/refuge.png,yes,no,,1,,1,,THUMBNAIL,REJECTED_REGENERABLE
2026/05/refuge-300x200.png,refuge-300x200.png,.png,50623,image/png,magic,aacb3170fa5b7011ba79d44e3354ca5925f2a24daa1e1ba24f87483960415380,300,200,942,sized_variant,0,no,none,yes,2026/05/refuge.png,yes,no,,1,,1,,THUMBNAIL,REJECTED_REGENERABLE
2026/05/refuge-768x512.png,refuge-768x512.png,.png,278782,image/png,magic,59a67e83bf6b6dda9bf8ffd4b51fb341f573c539483e016081978d6fe171fece,768,512,942,sized_variant,0,no,none,yes,2026/05/refuge.png,yes,no,,1,,1,,THUMBNAIL,REJECTED_REGENERABLE
2026/05/refuge.png,refuge.png,.png,622939,image/png,magic,ba93ffa3bb91accb3a83bde3ad62fc42bbb754a332de6a21a55ba5a98e26485a,1536,1024,942,original,0,yes,path_in_content,yes,,no,no,,1,,1,,ORIGINAL_USED,EXPORTABLE
2026/05/sceau-1024x576.png,sceau-1024x576.png,.png,273468,image/png,magic,e0f7af5c91e1a2bf8b5f3316b6f15942351247ad8393b82f7e047a49ca43b8e0,1024,576,699,sized_variant,0,no,none,yes,2026/05/sceau.png,yes,no,,1,,1,,THUMBNAIL,REJECTED_REGENERABLE
2026/05/sceau-150x150.png,sceau-150x150.png,.png,15217,image/png,magic,dc67b2b5e3e917616ee872cb6d2cf99309825085ed825219aeec6b2163bd5230,150,150,699,sized_variant,0,no,none,yes,2026/05/sceau.png,yes,no,,1,,1,,THUMBNAIL,REJECTED_REGENERABLE
2026/05/sceau-1536x864.png,sceau-1536x864.png,.png,585292,image/png,magic,92edcb3717484a56dab59f109d2d0695848b715d84d2b58851e46f2b24b1ddd2,1536,864,699,sized_variant,0,no,none,yes,2026/05/sceau.png,yes,no,,1,,1,,THUMBNAIL,REJECTED_REGENERABLE
2026/05/sceau-300x169.png,sceau-300x169.png,.png,31662,image/png,magic,367c0af7007887fb01d2e31bb48ad04e62a72c74adebb0450495ad4e8ce290f6,300,169,699,sized_variant,0,no,none,yes,2026/05/sceau.png,yes,no,,1,,1,,THUMBNAIL,REJECTED_REGENERABLE
2026/05/sceau-768x432.png,sceau-768x432.png,.png,162577,image/png,magic,c599a5ff709b3e2618ed3880ef7915999c2a1d2017552901a1b902363ab5d91c,768,432,699,sized_variant,0,no,none,yes,2026/05/sceau.png,yes,no,,1,,1,,THUMBNAIL,REJECTED_REGENERABLE
2026/05/sceau.png,sceau.png,.png,381165,image/png,magic,4122df66cc1119e37a56f9c732146cccc4c9b0add055c829a31d4fcceec9c31d,1672,941,699,original,0,yes,path_in_content,yes,,no,no,,1,,1,,ORIGINAL_USED,EXPORTABLE
2026/05/semence-1024x546.png,semence-1024x546.png,.png,307234,image/png,magic,315299c747a406d27a0fee091c288275d84d6a660b9499e4970d73395bea604a,1024,546,698,sized_variant,0,no,none,yes,2026/05/semence.png,yes,no,,1,,1,,THUMBNAIL,REJECTED_REGENERABLE
2026/05/semence-150x150.png,semence-150x150.png,.png,19650,image/png,magic,19ae7f7fbe92b5f944b86d6067169a1396db84029bb968b14e9ef9b1a772f89a,150,150,698,sized_variant,0,no,none,yes,2026/05/semence.png,yes,no,,1,,1,,THUMBNAIL,REJECTED_REGENERABLE
2026/05/semence-1536x819.png,semence-1536x819.png,.png,666240,image/png,magic,6de9c0861fd1824c28e90d0385d6405821bb1cb96070f5f7e4a50d1ce74cc9c4,1536,819,698,sized_variant,0,no,none,yes,2026/05/semence.png,yes,no,,1,,1,,THUMBNAIL,REJECTED_REGENERABLE
2026/05/semence-300x160.png,semence-300x160.png,.png,36593,image/png,magic,0d83b06f162148376184da19d45a1e1318742cd5fa832969541df4b9de7e1a2c,300,160,698,sized_variant,0,no,none,yes,2026/05/semence.png,yes,no,,1,,1,,THUMBNAIL,REJECTED_REGENERABLE
2026/05/semence-768x410.png,semence-768x410.png,.png,184405,image/png,magic,d4b88a4409bbf2e369e477d7b006c6f07e65a046fe370cd0aa53927408f7de67,768,410,698,sized_variant,0,no,none,yes,2026/05/semence.png,yes,no,,1,,1,,THUMBNAIL,REJECTED_REGENERABLE
2026/05/semence.png,semence.png,.png,449066,image/png,magic,12fc4d57dcb5b473ce7422793e9ad2ab8256e69e4de3e0f3a58467255f3f5a83,1717,916,698,original,0,yes,path_in_content,yes,,no,no,,1,,1,,ORIGINAL_USED,EXPORTABLE
2026/05/temoignage-1024x683.png,temoignage-1024x683.png,.png,439501,image/png,magic,9ddfd17ee2b98f5e2ceaff2877ddc809d988e2a335f5ef8bf390052a2a621ec7,1024,683,1136,sized_variant,0,no,none,yes,2026/05/temoignage.png,yes,no,,1,,1,,THUMBNAIL,REJECTED_REGENERABLE
2026/05/temoignage-150x150.png,temoignage-150x150.png,.png,20375,image/png,magic,d89950af39aced57dd7365958a664318f43ea1d12167c57587dd8b27f65fa791,150,150,1136,sized_variant,0,no,none,yes,2026/05/temoignage.png,yes,no,,1,,1,,THUMBNAIL,REJECTED_REGENERABLE
2026/05/temoignage-300x200.png,temoignage-300x200.png,.png,48831,image/png,magic,12bdce57aa6ec714ba7b18ba2221c230ca6df70409d0be3d9b16710b1b1f7e4e,300,200,1136,sized_variant,0,no,none,yes,2026/05/temoignage.png,yes,no,,1,,1,,THUMBNAIL,REJECTED_REGENERABLE
2026/05/temoignage-768x512.png,temoignage-768x512.png,.png,258823,image/png,magic,990ef562e59b193174633b616c7e7a046e0c9d456f3cff21bfe34dc008f83947,768,512,1136,sized_variant,0,no,none,yes,2026/05/temoignage.png,yes,no,,1,,1,,THUMBNAIL,REJECTED_REGENERABLE
2026/05/temoignage.png,temoignage.png,.png,532022,image/png,magic,cdf99020157028402bb25bed0edfbbb60c78660f300814df28a0bf5296a75ea2,1536,1024,1136,original,0,yes,path_in_content,yes,,no,no,,1,,1,,ORIGINAL_USED,EXPORTABLE
2026/05/vision-1024x530.png,vision-1024x530.png,.png,401257,image/png,magic,7d7dcfc2368525b9412ba4da4cf1fd85074c292ea2028be11cb236e51ad2556b,1024,530,914,sized_variant,0,no,none,yes,2026/05/vision.png,yes,no,,1,,1,,THUMBNAIL,REJECTED_REGENERABLE
2026/05/vision-150x150.png,vision-150x150.png,.png,21051,image/png,magic,5e28150815a06fdcffb976615e5c5221b3266693f21ef3b54308f05b17fe97b7,150,150,914,sized_variant,0,no,none,yes,2026/05/vision.png,yes,no,,1,,1,,THUMBNAIL,REJECTED_REGENERABLE
2026/05/vision-1536x794.png,vision-1536x794.png,.png,869831,image/png,magic,c46e606856485607235f5a22400a7c383dd2d2afe4687f199552859c0fb86ffc,1536,794,914,sized_variant,0,no,none,yes,2026/05/vision.png,yes,no,,1,,1,,THUMBNAIL,REJECTED_REGENERABLE
2026/05/vision-300x155.png,vision-300x155.png,.png,42170,image/png,magic,a6a01e79e42e43d1d14854f6e26384a844eec01d3613c0034a2ca49defd32492,300,155,914,sized_variant,0,no,none,yes,2026/05/vision.png,yes,no,,1,,1,,THUMBNAIL,REJECTED_REGENERABLE
2026/05/vision-768x397.png,vision-768x397.png,.png,233544,image/png,magic,4559866a744da616addb768056d61c5f58a3ed08f97a0005b76dcea144c28552,768,397,914,sized_variant,0,no,none,yes,2026/05/vision.png,yes,no,,1,,1,,THUMBNAIL,REJECTED_REGENERABLE
2026/05/vision.png,vision.png,.png,689661,image/png,magic,57cc85b3b7bdbcf35b434f092fd097e136d3574e5b838c327c301988e96a6b10,1744,902,914,original,0,yes,path_in_content,yes,,no,no,,1,,1,,ORIGINAL_USED,EXPORTABLE
2026/06/CULTE-DIMANCHE-2026-JUIN-1024x576.png,CULTE-DIMANCHE-2026-JUIN-1024x576.png,.png,347544,image/png,magic,186ca1c4cc26a3fd26d6539b8fd52e3fc69fe101b5a709290b1a51adc21e7ee8,1024,576,1478,sized_variant,0,no,none,yes,2026/06/CULTE-DIMANCHE-2026-JUIN.png,yes,no,,1,,1,,THUMBNAIL,REJECTED_REGENERABLE
2026/06/CULTE-DIMANCHE-2026-JUIN-150x150.png,CULTE-DIMANCHE-2026-JUIN-150x150.png,.png,20156,image/png,magic,b692903e88f2362c36825dd0b115ce875ac2e5984435191e60f518bcc9d779fc,150,150,1478,sized_variant,0,no,none,yes,2026/06/CULTE-DIMANCHE-2026-JUIN.png,yes,no,,1,,1,,THUMBNAIL,REJECTED_REGENERABLE
2026/06/CULTE-DIMANCHE-2026-JUIN-1536x864.png,CULTE-DIMANCHE-2026-JUIN-1536x864.png,.png,730445,image/png,magic,37460c083f5d093419de7aa8ad0b62364095185f8b3a7da18233a62ffbd3b0e5,1536,864,1478,sized_variant,0,no,none,yes,2026/06/CULTE-DIMANCHE-2026-JUIN.png,yes,no,,1,,1,,THUMBNAIL,REJECTED_REGENERABLE
2026/06/CULTE-DIMANCHE-2026-JUIN-300x169.png,CULTE-DIMANCHE-2026-JUIN-300x169.png,.png,39739,image/png,magic,dae73376c1e0bebf7183bf2eabdb7cfc303539e7b1d9bd05ab9ec043819c1e6f,300,169,1478,sized_variant,0,no,none,yes,2026/06/CULTE-DIMANCHE-2026-JUIN.png,yes,no,,1,,1,,THUMBNAIL,REJECTED_REGENERABLE
2026/06/CULTE-DIMANCHE-2026-JUIN-768x432.png,CULTE-DIMANCHE-2026-JUIN-768x432.png,.png,207270,image/png,magic,2553d8d2b39406a87c97a63be0a2a1506758f4286dda9c2e5bc9fe3d8cac8c0c,768,432,1478,sized_variant,0,no,none,yes,2026/06/CULTE-DIMANCHE-2026-JUIN.png,yes,no,,1,,1,,THUMBNAIL,REJECTED_REGENERABLE
2026/06/CULTE-DIMANCHE-2026-JUIN.png,CULTE-DIMANCHE-2026-JUIN.png,.png,842870,image/png,magic,642f291eae3fd0a92cde7b2f48968f12479087b0817040a691bf360fe661e62e,1920,1080,1478,original,0,no,none,yes,,no,no,,1,,1,,ORIGINAL_UNUSED,EXPORTABLE
2026/06/SOIREE-INTERCESSION-1024x576.png,SOIREE-INTERCESSION-1024x576.png,.png,341055,image/png,magic,14ddf3e91aa8675700f2c3b2c83a97498f813f88e91f9df9b417f976257d3287,1024,576,1479,sized_variant,0,no,none,yes,2026/06/SOIREE-INTERCESSION.png,yes,no,,1,,1,,THUMBNAIL,REJECTED_REGENERABLE
2026/06/SOIREE-INTERCESSION-150x150.png,SOIREE-INTERCESSION-150x150.png,.png,17613,image/png,magic,08b045f32ba3b46cfacc432a6bc5b5bce29c1bc2c17f107c36d5bcb3152cb5d3,150,150,1479,sized_variant,0,no,none,yes,2026/06/SOIREE-INTERCESSION.png,yes,no,,1,,1,,THUMBNAIL,REJECTED_REGENERABLE
2026/06/SOIREE-INTERCESSION-1536x864.png,SOIREE-INTERCESSION-1536x864.png,.png,722027,image/png,magic,a87402f68916edc09ba6d572e479dbeed8ec26afe9f77a2e09a221dbe7e4cdb3,1536,864,1479,sized_variant,0,no,none,yes,2026/06/SOIREE-INTERCESSION.png,yes,no,,1,,1,,THUMBNAIL,REJECTED_REGENERABLE
2026/06/SOIREE-INTERCESSION-300x169.png,SOIREE-INTERCESSION-300x169.png,.png,40398,image/png,magic,732cdb55c09563d2a7ad82d3522bde2e9521ac95fa50ec6bdbfb6c78823771de,300,169,1479,sized_variant,0,no,none,yes,2026/06/SOIREE-INTERCESSION.png,yes,no,,1,,1,,THUMBNAIL,REJECTED_REGENERABLE
2026/06/SOIREE-INTERCESSION-768x432.png,SOIREE-INTERCESSION-768x432.png,.png,205221,image/png,magic,99ff2246397f9859715018e3d53f9ac2198f80e17e58b52aa88d98aa8801913d,768,432,1479,sized_variant,0,no,none,yes,2026/06/SOIREE-INTERCESSION.png,yes,no,,1,,1,,THUMBNAIL,REJECTED_REGENERABLE
2026/06/SOIREE-INTERCESSION.png,SOIREE-INTERCESSION.png,.png,850656,image/png,magic,9313d31f661ce4e56383351bf859ac7f54e303ef9188dd7fed86ed084b619fc2,1920,1080,1479,original,0,yes,filename_in_content,yes,,no,no,,1,,1,,ORIGINAL_USED,EXPORTABLE
elementor/css/base-desktop.css,base-desktop.css,.css,5338,text/css,extension,d7f5dc677f8168e222984fd1d3dd58aa3101625a00da1bd42322d5292d15923b,,,,,,no,none,no,,no,no,,1,,1,,GENERATED_VARIANT,REJECTED_REGENERABLE
elementor/css/post-11.css,post-11.css,.css,3290,text/css,extension,a3b852aca539d1e005ab60f4b418b6c896567ae33d3093e785a9144b4ef83ef6,,,,,,no,none,no,,no,no,,1,,1,,GENERATED_VARIANT,REJECTED_REGENERABLE
elementor/css/post-1473.css,post-1473.css,.css,77,text/css,extension,15c0201be0cff4ae3c2f3296ab5a4e00900dc1dc06d4792162f09cce22be0f72,,,,,,no,none,no,,no,no,,1,,1,,GENERATED_VARIANT,REJECTED_REGENERABLE
elementor/css/post-31.css,post-31.css,.css,183,text/css,extension,70077e07975adf8e937e51d69cf8ab877c64fbf3913f2108a84cbba8e090122d,,,,,,no,none,no,,no,no,,1,,1,,GENERATED_VARIANT,REJECTED_REGENERABLE
rank-math/rank_math_090fad45897f98d23f93cbe784f8a33e.xml,rank_math_090fad45897f98d23f93cbe784f8a33e.xml,.xml,17382,application/xml,extension,255f34fb1cffbec26b196fecd552a394709cc26e8b60f1f5b72f7ba3f8b86789,,,,,,no,none,no,,no,no,,1,,1,,GENERATED_VARIANT,REJECTED_REGENERABLE
rank-math/rank_math_152186c28149f5462dff7ffa8eb5d368.xml,rank_math_152186c28149f5462dff7ffa8eb5d368.xml,.xml,8804,application/xml,extension,2d99b986b111dc25a078049768798a897e6f213059919a6b631f197d0c123575,,,,,,no,none,no,,no,no,,1,,1,,GENERATED_VARIANT,REJECTED_REGENERABLE
rank-math/rank_math_625060263d054018e9a25543b476f432.xml,rank_math_625060263d054018e9a25543b476f432.xml,.xml,1437,application/xml,extension,6656ab5c3b26c290a08ae431c2b74ef4e81e96f6c82e204d71b38bcf9d100221,,,,,,no,none,no,,no,no,,1,,1,,GENERATED_VARIANT,REJECTED_REGENERABLE
rank-math/rank_math_ee736d5dff4f59462d00e175d4169417.xml,rank_math_ee736d5dff4f59462d00e175d4169417.xml,.xml,614,application/xml,extension,2a50216ce6d60ddcafb4b7f2b0905d72c3690117d6466cc5d1b2642353d7fd5a,,,,,,no,none,no,,no,no,,1,,1,,GENERATED_VARIANT,REJECTED_REGENERABLE
temp_abj404_solution/abj404_debug_6b3df31158f638.txt,abj404_debug_6b3df31158f638.txt,.txt,1111273,text/plain,extension,7c015e570b4abe4c2a3b92746bd4512b492aac92626d7b0de3baae225fae3d29,,,,,,no,none,no,,no,no,,1,,1,,ORPHAN,QUARANTINED
temp_abj404_solution/sync_mode_options.txt,sync_mode_options.txt,.txt,0,text/plain,extension,e3b0c44298fc1c149afbf4c8996fb92427ae41e4649b934ca495991b7852b855,,,,,,no,none,no,,no,no,,1,,1,zero_byte,CORRUPT,REJECTED_CORRUPT
